LOCATION,INDICATOR,SUBJECT,MEASURE,FREQUENCY,TIME,Value,Flag Codes
AUS,GDP,TOT,USD_CAP,A,1960,2408.509071,
AUS,GDP,TOT,USD_CAP,A,1961,2379.169582,
AUS,GDP,TOT,USD_CAP,A,1962,2572.910414,
AUS,GDP,TOT,USD_CAP,A,1963,2747.828019,
AUS,GDP,TOT,USD_CAP,A,1964,2897.709644,
AUS,GDP,TOT,USD_CAP,A,1965,2996.975488,
AUS,GDP,TOT,USD_CAP,A,1966,3270.051273,
AUS,GDP,TOT,USD_CAP,A,1967,3441.34523,
AUS,GDP,TOT,USD_CAP,A,1968,3826.664208,
AUS,GDP,TOT,USD_CAP,A,1969,4200.716812,
AUS,GDP,TOT,USD_CAP,A,1970,4650.077117,
AUS,GDP,TOT,USD_CAP,A,1971,4862.084581,
AUS,GDP,TOT,USD_CAP,A,1972,5208.919749,
AUS,GDP,TOT,USD_CAP,A,1973,5792.452765,
AUS,GDP,TOT,USD_CAP,A,1974,6241.474421,
AUS,GDP,TOT,USD_CAP,A,1975,6934.065613,
AUS,GDP,TOT,USD_CAP,A,1976,7390.445655,
AUS,GDP,TOT,USD_CAP,A,1977,7720.400272,
AUS,GDP,TOT,USD_CAP,A,1978,8544.449053,
AUS,GDP,TOT,USD_CAP,A,1979,9442.488298,
AUS,GDP,TOT,USD_CAP,A,1980,10461.35003,
AUS,GDP,TOT,USD_CAP,A,1981,11819.86526,
AUS,GDP,TOT,USD_CAP,A,1982,11879.17816,
AUS,GDP,TOT,USD_CAP,A,1983,12674.52208,
AUS,GDP,TOT,USD_CAP,A,1984,13472.88736,
AUS,GDP,TOT,USD_CAP,A,1985,14395.71349,
AUS,GDP,TOT,USD_CAP,A,1986,14816.75295,
AUS,GDP,TOT,USD_CAP,A,1987,15933.60216,
AUS,GDP,TOT,USD_CAP,A,1988,16935.98351,
AUS,GDP,TOT,USD_CAP,A,1989,17678.36398,
AUS,GDP,TOT,USD_CAP,A,1990,17568.32446,
AUS,GDP,TOT,USD_CAP,A,1991,17926.09009,
AUS,GDP,TOT,USD_CAP,A,1992,18937.50055,
AUS,GDP,TOT,USD_CAP,A,1993,19929.78137,
AUS,GDP,TOT,USD_CAP,A,1994,21134.14664,
AUS,GDP,TOT,USD_CAP,A,1995,22098.57288,
AUS,GDP,TOT,USD_CAP,A,1996,22974.73917,
AUS,GDP,TOT,USD_CAP,A,1997,24160.25514,
AUS,GDP,TOT,USD_CAP,A,1998,25342.18977,
AUS,GDP,TOT,USD_CAP,A,1999,26777.75563,
AUS,GDP,TOT,USD_CAP,A,2000,27888.22951,
AUS,GDP,TOT,USD_CAP,A,2001,29133.08851,
AUS,GDP,TOT,USD_CAP,A,2002,30376.85316,
AUS,GDP,TOT,USD_CAP,A,2003,31827.64206,
AUS,GDP,TOT,USD_CAP,A,2004,33454.90467,
AUS,GDP,TOT,USD_CAP,A,2005,35068.84566,
AUS,GDP,TOT,USD_CAP,A,2006,37138.28415,
AUS,GDP,TOT,USD_CAP,A,2007,38775.78024,
AUS,GDP,TOT,USD_CAP,A,2008,39219.47467,
AUS,GDP,TOT,USD_CAP,A,2009,40897.04122,
AUS,GDP,TOT,USD_CAP,A,2010,42165.82842,
AUS,GDP,TOT,USD_CAP,A,2011,43583.03701,
AUS,GDP,TOT,USD_CAP,A,2012,43082.38768,
AUS,GDP,TOT,USD_CAP,A,2013,47002.99005,
AUS,GDP,TOT,USD_CAP,A,2014,46920.61776,
AUS,GDP,TOT,USD_CAP,A,2015,46761.16774,
AUS,GDP,TOT,USD_CAP,A,2016,48177.78556,
AUT,GDP,TOT,USD_CAP,A,1970,3834.186274,E
AUT,GDP,TOT,USD_CAP,A,1971,4215.680804,E
AUT,GDP,TOT,USD_CAP,A,1972,4644.59478,E
AUT,GDP,TOT,USD_CAP,A,1973,5108.264528,E
AUT,GDP,TOT,USD_CAP,A,1974,5776.797781,E
AUT,GDP,TOT,USD_CAP,A,1975,6305.539334,E
AUT,GDP,TOT,USD_CAP,A,1976,6968.044666,E
AUT,GDP,TOT,USD_CAP,A,1977,7773.217807,E
AUT,GDP,TOT,USD_CAP,A,1978,8308.19608,E
AUT,GDP,TOT,USD_CAP,A,1979,9492.066592,E
AUT,GDP,TOT,USD_CAP,A,1980,10527.27686,E
AUT,GDP,TOT,USD_CAP,A,1981,11464.2473,E
AUT,GDP,TOT,USD_CAP,A,1982,12411.43452,E
AUT,GDP,TOT,USD_CAP,A,1983,13306.5421,E
AUT,GDP,TOT,USD_CAP,A,1984,13786.62268,E
AUT,GDP,TOT,USD_CAP,A,1985,14576.40324,E
AUT,GDP,TOT,USD_CAP,A,1986,15203.06239,E
AUT,GDP,TOT,USD_CAP,A,1987,15792.53531,E
AUT,GDP,TOT,USD_CAP,A,1988,16860.25598,E
AUT,GDP,TOT,USD_CAP,A,1989,18114.84612,E
AUT,GDP,TOT,USD_CAP,A,1990,19452.47202,E
AUT,GDP,TOT,USD_CAP,A,1991,20585.16008,E
AUT,GDP,TOT,USD_CAP,A,1992,21259.91971,E
AUT,GDP,TOT,USD_CAP,A,1993,21700.72547,E
AUT,GDP,TOT,USD_CAP,A,1994,22607.73559,E
AUT,GDP,TOT,USD_CAP,A,1995,23658.75995,
AUT,GDP,TOT,USD_CAP,A,1996,24523.89462,
AUT,GDP,TOT,USD_CAP,A,1997,25412.35969,
AUT,GDP,TOT,USD_CAP,A,1998,26652.82895,
AUT,GDP,TOT,USD_CAP,A,1999,27606.48424,
AUT,GDP,TOT,USD_CAP,A,2000,29375.3968,
AUT,GDP,TOT,USD_CAP,A,2001,29739.95111,
AUT,GDP,TOT,USD_CAP,A,2002,31178.05144,
AUT,GDP,TOT,USD_CAP,A,2003,32119.01676,
AUT,GDP,TOT,USD_CAP,A,2004,33765.56574,
AUT,GDP,TOT,USD_CAP,A,2005,35024.55748,
AUT,GDP,TOT,USD_CAP,A,2006,37631.12782,
AUT,GDP,TOT,USD_CAP,A,2007,39387.13901,
AUT,GDP,TOT,USD_CAP,A,2008,41316.02264,
AUT,GDP,TOT,USD_CAP,A,2009,40928.1816,
AUT,GDP,TOT,USD_CAP,A,2010,42058.75458,
AUT,GDP,TOT,USD_CAP,A,2011,44469.20964,
AUT,GDP,TOT,USD_CAP,A,2012,46477.65508,
AUT,GDP,TOT,USD_CAP,A,2013,47936.67796,
AUT,GDP,TOT,USD_CAP,A,2014,48801.30707,
AUT,GDP,TOT,USD_CAP,A,2015,49959.25877,
AUT,GDP,TOT,USD_CAP,A,2016,50503.32841,
AUT,GDP,TOT,USD_CAP,A,2017,52560.84557,
BEL,GDP,TOT,USD_CAP,A,1970,3901.650108,E
BEL,GDP,TOT,USD_CAP,A,1971,4238.238262,E
BEL,GDP,TOT,USD_CAP,A,1972,4636.853981,E
BEL,GDP,TOT,USD_CAP,A,1973,5173.07431,E
BEL,GDP,TOT,USD_CAP,A,1974,5856.498557,E
BEL,GDP,TOT,USD_CAP,A,1975,6296.575847,E
BEL,GDP,TOT,USD_CAP,A,1976,7006.213075,E
BEL,GDP,TOT,USD_CAP,A,1977,7479.010357,E
BEL,GDP,TOT,USD_CAP,A,1978,8224.903378,E
BEL,GDP,TOT,USD_CAP,A,1979,9105.90509,E
BEL,GDP,TOT,USD_CAP,A,1980,10335.0311,E
BEL,GDP,TOT,USD_CAP,A,1981,11269.51892,E
BEL,GDP,TOT,USD_CAP,A,1982,12042.30561,E
BEL,GDP,TOT,USD_CAP,A,1983,12559.36438,E
BEL,GDP,TOT,USD_CAP,A,1984,13324.40134,E
BEL,GDP,TOT,USD_CAP,A,1985,13975.02799,E
BEL,GDP,TOT,USD_CAP,A,1986,14513.91764,E
BEL,GDP,TOT,USD_CAP,A,1987,15210.5677,E
BEL,GDP,TOT,USD_CAP,A,1988,16430.05537,E
BEL,GDP,TOT,USD_CAP,A,1989,17597.04293,E
BEL,GDP,TOT,USD_CAP,A,1990,18767.63128,E
BEL,GDP,TOT,USD_CAP,A,1991,19672.79328,E
BEL,GDP,TOT,USD_CAP,A,1992,20345.86332,E
BEL,GDP,TOT,USD_CAP,A,1993,20549.81761,E
BEL,GDP,TOT,USD_CAP,A,1994,21600.14632,E
BEL,GDP,TOT,USD_CAP,A,1995,22529.74019,
BEL,GDP,TOT,USD_CAP,A,1996,22885.31691,
BEL,GDP,TOT,USD_CAP,A,1997,23917.06932,
BEL,GDP,TOT,USD_CAP,A,1998,24543.94606,
BEL,GDP,TOT,USD_CAP,A,1999,25643.32017,
BEL,GDP,TOT,USD_CAP,A,2000,27984.68617,
BEL,GDP,TOT,USD_CAP,A,2001,28981.38146,
BEL,GDP,TOT,USD_CAP,A,2002,30482.15989,
BEL,GDP,TOT,USD_CAP,A,2003,31054.69484,
BEL,GDP,TOT,USD_CAP,A,2004,32249.93809,
BEL,GDP,TOT,USD_CAP,A,2005,33331.11566,
BEL,GDP,TOT,USD_CAP,A,2006,35390.70379,
BEL,GDP,TOT,USD_CAP,A,2007,36865.20967,
BEL,GDP,TOT,USD_CAP,A,2008,38133.4023,
BEL,GDP,TOT,USD_CAP,A,2009,38003.72669,
BEL,GDP,TOT,USD_CAP,A,2010,40089.47721,
BEL,GDP,TOT,USD_CAP,A,2011,41450.36053,
BEL,GDP,TOT,USD_CAP,A,2012,42585.15311,
BEL,GDP,TOT,USD_CAP,A,2013,43745.95156,
BEL,GDP,TOT,USD_CAP,A,2014,44742.99229,
BEL,GDP,TOT,USD_CAP,A,2015,45577.24411,
BEL,GDP,TOT,USD_CAP,A,2016,46607.39577,
BEL,GDP,TOT,USD_CAP,A,2017,47801.50498,
CAN,GDP,TOT,USD_CAP,A,1970,4555.027261,E
CAN,GDP,TOT,USD_CAP,A,1971,4919.449356,E
CAN,GDP,TOT,USD_CAP,A,1972,5349.466577,E
CAN,GDP,TOT,USD_CAP,A,1973,5960.092233,E
CAN,GDP,TOT,USD_CAP,A,1974,6641.866721,E
CAN,GDP,TOT,USD_CAP,A,1975,7282.233251,E
CAN,GDP,TOT,USD_CAP,A,1976,7975.719977,E
CAN,GDP,TOT,USD_CAP,A,1977,8661.422757,E
CAN,GDP,TOT,USD_CAP,A,1978,9540.598788,E
CAN,GDP,TOT,USD_CAP,A,1979,10615.65856,E
CAN,GDP,TOT,USD_CAP,A,1980,11671.82195,E
CAN,GDP,TOT,USD_CAP,A,1981,13046.66958,
CAN,GDP,TOT,USD_CAP,A,1982,13253.76522,
CAN,GDP,TOT,USD_CAP,A,1983,13996.04456,
CAN,GDP,TOT,USD_CAP,A,1984,15207.15755,
CAN,GDP,TOT,USD_CAP,A,1985,16287.17168,
CAN,GDP,TOT,USD_CAP,A,1986,16807.08588,
CAN,GDP,TOT,USD_CAP,A,1987,17706.99318,
CAN,GDP,TOT,USD_CAP,A,1988,18892.11488,
CAN,GDP,TOT,USD_CAP,A,1989,19725.65167,
CAN,GDP,TOT,USD_CAP,A,1990,20180.35014,
CAN,GDP,TOT,USD_CAP,A,1991,20156.742,
CAN,GDP,TOT,USD_CAP,A,1992,20553.52879,
CAN,GDP,TOT,USD_CAP,A,1993,21365.19678,
CAN,GDP,TOT,USD_CAP,A,1994,22551.98711,
CAN,GDP,TOT,USD_CAP,A,1995,23395.47392,
CAN,GDP,TOT,USD_CAP,A,1996,23954.64976,
CAN,GDP,TOT,USD_CAP,A,1997,25156.15005,
CAN,GDP,TOT,USD_CAP,A,1998,26197.93292,
CAN,GDP,TOT,USD_CAP,A,1999,27745.75131,
CAN,GDP,TOT,USD_CAP,A,2000,29265.22148,
CAN,GDP,TOT,USD_CAP,A,2001,30133.35228,
CAN,GDP,TOT,USD_CAP,A,2002,30854.82303,
CAN,GDP,TOT,USD_CAP,A,2003,32224.01572,
CAN,GDP,TOT,USD_CAP,A,2004,33815.11907,
CAN,GDP,TOT,USD_CAP,A,2005,36212.64356,
CAN,GDP,TOT,USD_CAP,A,2006,38009.87218,
CAN,GDP,TOT,USD_CAP,A,2007,39441.96499,
CAN,GDP,TOT,USD_CAP,A,2008,40277.61824,
CAN,GDP,TOT,USD_CAP,A,2009,38791.07104,
CAN,GDP,TOT,USD_CAP,A,2010,40027.20436,
CAN,GDP,TOT,USD_CAP,A,2011,41565.25893,
CAN,GDP,TOT,USD_CAP,A,2012,42145.10409,
CAN,GDP,TOT,USD_CAP,A,2013,44097.56557,
CAN,GDP,TOT,USD_CAP,A,2014,45508.06953,
CAN,GDP,TOT,USD_CAP,A,2015,44627.32347,
CAN,GDP,TOT,USD_CAP,A,2016,44792.54562,
CZE,GDP,TOT,USD_CAP,A,1990,12630.54609,E
CZE,GDP,TOT,USD_CAP,A,1991,11595.58373,E
CZE,GDP,TOT,USD_CAP,A,1992,11789.39976,E
CZE,GDP,TOT,USD_CAP,A,1993,12062.40789,E
CZE,GDP,TOT,USD_CAP,A,1994,12670.69973,E
CZE,GDP,TOT,USD_CAP,A,1995,13746.8924,
CZE,GDP,TOT,USD_CAP,A,1996,14580.11568,
CZE,GDP,TOT,USD_CAP,A,1997,14724.53327,
CZE,GDP,TOT,USD_CAP,A,1998,14893.40916,
CZE,GDP,TOT,USD_CAP,A,1999,15325.70992,
CZE,GDP,TOT,USD_CAP,A,2000,16160.74341,
CZE,GDP,TOT,USD_CAP,A,2001,17556.06789,
CZE,GDP,TOT,USD_CAP,A,2002,18182.35455,
CZE,GDP,TOT,USD_CAP,A,2003,19410.18342,
CZE,GDP,TOT,USD_CAP,A,2004,20786.58737,
CZE,GDP,TOT,USD_CAP,A,2005,21907.3056,
CZE,GDP,TOT,USD_CAP,A,2006,23715.3193,
CZE,GDP,TOT,USD_CAP,A,2007,26059.99782,
CZE,GDP,TOT,USD_CAP,A,2008,27724.41877,
CZE,GDP,TOT,USD_CAP,A,2009,27469.26687,
CZE,GDP,TOT,USD_CAP,A,2010,27581.6026,
CZE,GDP,TOT,USD_CAP,A,2011,28795.81603,
CZE,GDP,TOT,USD_CAP,A,2012,29051.39042,
CZE,GDP,TOT,USD_CAP,A,2013,30496.02004,
CZE,GDP,TOT,USD_CAP,A,2014,32265.04516,
CZE,GDP,TOT,USD_CAP,A,2015,33478.62252,
CZE,GDP,TOT,USD_CAP,A,2016,34752.65849,
CZE,GDP,TOT,USD_CAP,A,2017,36927.36918,
DNK,GDP,TOT,USD_CAP,A,1966,3478.762434,
DNK,GDP,TOT,USD_CAP,A,1967,3688.285602,
DNK,GDP,TOT,USD_CAP,A,1968,4005.792223,
DNK,GDP,TOT,USD_CAP,A,1969,4487.227813,
DNK,GDP,TOT,USD_CAP,A,1970,4253.558068,
DNK,GDP,TOT,USD_CAP,A,1971,4580.661322,
DNK,GDP,TOT,USD_CAP,A,1972,4937.897018,
DNK,GDP,TOT,USD_CAP,A,1973,5387.346503,
DNK,GDP,TOT,USD_CAP,A,1974,5778.928516,
DNK,GDP,TOT,USD_CAP,A,1975,6203.726341,
DNK,GDP,TOT,USD_CAP,A,1976,6914.200075,
DNK,GDP,TOT,USD_CAP,A,1977,7456.903864,
DNK,GDP,TOT,USD_CAP,A,1978,8132.574308,
DNK,GDP,TOT,USD_CAP,A,1979,9121.39488,
DNK,GDP,TOT,USD_CAP,A,1980,9884.394497,
DNK,GDP,TOT,USD_CAP,A,1981,10739.4269,
DNK,GDP,TOT,USD_CAP,A,1982,11835.17484,
DNK,GDP,TOT,USD_CAP,A,1983,12631.72305,
DNK,GDP,TOT,USD_CAP,A,1984,13632.85346,
DNK,GDP,TOT,USD_CAP,A,1985,14626.60895,
DNK,GDP,TOT,USD_CAP,A,1986,15632.11642,
DNK,GDP,TOT,USD_CAP,A,1987,16049.74972,
DNK,GDP,TOT,USD_CAP,A,1988,16599.65873,
DNK,GDP,TOT,USD_CAP,A,1989,17349.56044,
DNK,GDP,TOT,USD_CAP,A,1990,18228.34908,
DNK,GDP,TOT,USD_CAP,A,1991,19045.70286,
DNK,GDP,TOT,USD_CAP,A,1992,19795.78778,
DNK,GDP,TOT,USD_CAP,A,1993,20198.63121,
DNK,GDP,TOT,USD_CAP,A,1994,21657.53471,
DNK,GDP,TOT,USD_CAP,A,1995,22674.09869,
DNK,GDP,TOT,USD_CAP,A,1996,23710.72285,
DNK,GDP,TOT,USD_CAP,A,1997,24914.27228,
DNK,GDP,TOT,USD_CAP,A,1998,25798.51139,
DNK,GDP,TOT,USD_CAP,A,1999,26657.8328,
DNK,GDP,TOT,USD_CAP,A,2000,28666.21652,
DNK,GDP,TOT,USD_CAP,A,2001,29483.94686,
DNK,GDP,TOT,USD_CAP,A,2002,30639.9531,
DNK,GDP,TOT,USD_CAP,A,2003,30787.41289,
DNK,GDP,TOT,USD_CAP,A,2004,32929.7573,
DNK,GDP,TOT,USD_CAP,A,2005,34152.878,
DNK,GDP,TOT,USD_CAP,A,2006,37302.35892,
DNK,GDP,TOT,USD_CAP,A,2007,38972.03137,
DNK,GDP,TOT,USD_CAP,A,2008,41282.99749,
DNK,GDP,TOT,USD_CAP,A,2009,40333.14435,
DNK,GDP,TOT,USD_CAP,A,2010,43046.84249,
DNK,GDP,TOT,USD_CAP,A,2011,44407.95138,
DNK,GDP,TOT,USD_CAP,A,2012,44808.54321,
DNK,GDP,TOT,USD_CAP,A,2013,46742.93884,
DNK,GDP,TOT,USD_CAP,A,2014,47905.4773,
DNK,GDP,TOT,USD_CAP,A,2015,48687.54221,
DNK,GDP,TOT,USD_CAP,A,2016,49020.54389,
DNK,GDP,TOT,USD_CAP,A,2017,50520.78209,
FIN,GDP,TOT,USD_CAP,A,1970,3397.148752,E
FIN,GDP,TOT,USD_CAP,A,1971,3649.026097,E
FIN,GDP,TOT,USD_CAP,A,1972,4076.74008,E
FIN,GDP,TOT,USD_CAP,A,1973,4573.179016,E
FIN,GDP,TOT,USD_CAP,A,1974,5117.87798,E
FIN,GDP,TOT,USD_CAP,A,1975,5668.144473,E
FIN,GDP,TOT,USD_CAP,A,1976,5981.701466,E
FIN,GDP,TOT,USD_CAP,A,1977,6350.222305,E
FIN,GDP,TOT,USD_CAP,A,1978,6974.498839,E
FIN,GDP,TOT,USD_CAP,A,1979,8067.3242,E
FIN,GDP,TOT,USD_CAP,A,1980,9240.137381,
FIN,GDP,TOT,USD_CAP,A,1981,10189.92166,
FIN,GDP,TOT,USD_CAP,A,1982,11094.02102,
FIN,GDP,TOT,USD_CAP,A,1983,11821.19887,
FIN,GDP,TOT,USD_CAP,A,1984,12566.78513,
FIN,GDP,TOT,USD_CAP,A,1985,13371.66548,
FIN,GDP,TOT,USD_CAP,A,1986,13967.75181,
FIN,GDP,TOT,USD_CAP,A,1987,14792.11324,
FIN,GDP,TOT,USD_CAP,A,1988,16060.70709,
FIN,GDP,TOT,USD_CAP,A,1989,17470.81919,
FIN,GDP,TOT,USD_CAP,A,1990,18159.05169,
FIN,GDP,TOT,USD_CAP,A,1991,17557.60013,
FIN,GDP,TOT,USD_CAP,A,1992,17263.35945,
FIN,GDP,TOT,USD_CAP,A,1993,17459.79081,
FIN,GDP,TOT,USD_CAP,A,1994,18454.01285,
FIN,GDP,TOT,USD_CAP,A,1995,19556.53426,
FIN,GDP,TOT,USD_CAP,A,1996,20053.20886,
FIN,GDP,TOT,USD_CAP,A,1997,21768.77003,
FIN,GDP,TOT,USD_CAP,A,1998,23539.32704,
FIN,GDP,TOT,USD_CAP,A,1999,24768.53,
FIN,GDP,TOT,USD_CAP,A,2000,26748.6721,
FIN,GDP,TOT,USD_CAP,A,2001,27793.75328,
FIN,GDP,TOT,USD_CAP,A,2002,28567.17181,
FIN,GDP,TOT,USD_CAP,A,2003,28982.98858,
FIN,GDP,TOT,USD_CAP,A,2004,31129.12669,
FIN,GDP,TOT,USD_CAP,A,2005,31993.3762,
FIN,GDP,TOT,USD_CAP,A,2006,34367.27806,
FIN,GDP,TOT,USD_CAP,A,2007,37696.79304,
FIN,GDP,TOT,USD_CAP,A,2008,39969.39226,
FIN,GDP,TOT,USD_CAP,A,2009,37823.02353,
FIN,GDP,TOT,USD_CAP,A,2010,38774.82861,
FIN,GDP,TOT,USD_CAP,A,2011,40683.33742,
FIN,GDP,TOT,USD_CAP,A,2012,40619.93702,
FIN,GDP,TOT,USD_CAP,A,2013,41293.29362,
FIN,GDP,TOT,USD_CAP,A,2014,41462.71674,
FIN,GDP,TOT,USD_CAP,A,2015,42063.73495,
FIN,GDP,TOT,USD_CAP,A,2016,43378.17388,
FIN,GDP,TOT,USD_CAP,A,2017,45253.07734,
FRA,GDP,TOT,USD_CAP,A,1960,1811.845107,
FRA,GDP,TOT,USD_CAP,A,1961,1897.968394,
FRA,GDP,TOT,USD_CAP,A,1962,2041.754359,
FRA,GDP,TOT,USD_CAP,A,1963,2144.973811,
FRA,GDP,TOT,USD_CAP,A,1964,2301.038941,
FRA,GDP,TOT,USD_CAP,A,1965,2463.045814,
FRA,GDP,TOT,USD_CAP,A,1966,2661.762548,
FRA,GDP,TOT,USD_CAP,A,1967,2846.355409,
FRA,GDP,TOT,USD_CAP,A,1968,3100.059837,
FRA,GDP,TOT,USD_CAP,A,1969,3490.962801,
FRA,GDP,TOT,USD_CAP,A,1970,3719.112612,
FRA,GDP,TOT,USD_CAP,A,1971,4078.001157,
FRA,GDP,TOT,USD_CAP,A,1972,4408.423006,
FRA,GDP,TOT,USD_CAP,A,1973,4902.278239,
FRA,GDP,TOT,USD_CAP,A,1974,5535.69651,
FRA,GDP,TOT,USD_CAP,A,1975,5961.33154,
FRA,GDP,TOT,USD_CAP,A,1976,6533.557522,
FRA,GDP,TOT,USD_CAP,A,1977,7145.849356,
FRA,GDP,TOT,USD_CAP,A,1978,7917.21644,
FRA,GDP,TOT,USD_CAP,A,1979,8837.236028,
FRA,GDP,TOT,USD_CAP,A,1980,9736.834728,
FRA,GDP,TOT,USD_CAP,A,1981,10700.09116,
FRA,GDP,TOT,USD_CAP,A,1982,11579.02459,
FRA,GDP,TOT,USD_CAP,A,1983,12122.45668,
FRA,GDP,TOT,USD_CAP,A,1984,12682.23054,
FRA,GDP,TOT,USD_CAP,A,1985,13234.72279,
FRA,GDP,TOT,USD_CAP,A,1986,13749.30795,
FRA,GDP,TOT,USD_CAP,A,1987,14385.93039,
FRA,GDP,TOT,USD_CAP,A,1988,15505.58846,
FRA,GDP,TOT,USD_CAP,A,1989,16710.9975,
FRA,GDP,TOT,USD_CAP,A,1990,17737.65678,
FRA,GDP,TOT,USD_CAP,A,1991,18425.78572,
FRA,GDP,TOT,USD_CAP,A,1992,19052.54006,
FRA,GDP,TOT,USD_CAP,A,1993,19302.65182,
FRA,GDP,TOT,USD_CAP,A,1994,20100.92518,
FRA,GDP,TOT,USD_CAP,A,1995,20872.33501,
FRA,GDP,TOT,USD_CAP,A,1996,21455.06147,
FRA,GDP,TOT,USD_CAP,A,1997,22365.38475,
FRA,GDP,TOT,USD_CAP,A,1998,23474.102,
FRA,GDP,TOT,USD_CAP,A,1999,24447.77614,
FRA,GDP,TOT,USD_CAP,A,2000,26226.06912,
FRA,GDP,TOT,USD_CAP,A,2001,27657.69746,
FRA,GDP,TOT,USD_CAP,A,2002,28658.52275,
FRA,GDP,TOT,USD_CAP,A,2003,28275.888,
FRA,GDP,TOT,USD_CAP,A,2004,29179.71207,
FRA,GDP,TOT,USD_CAP,A,2005,30625.93231,
FRA,GDP,TOT,USD_CAP,A,2006,32553.11664,
FRA,GDP,TOT,USD_CAP,A,2007,34184.41918,
FRA,GDP,TOT,USD_CAP,A,2008,35184.23363,
FRA,GDP,TOT,USD_CAP,A,2009,34753.37051,
FRA,GDP,TOT,USD_CAP,A,2010,36022.16956,
FRA,GDP,TOT,USD_CAP,A,2011,37485.25235,
FRA,GDP,TOT,USD_CAP,A,2012,37671.02818,
FRA,GDP,TOT,USD_CAP,A,2013,39515.13827,
FRA,GDP,TOT,USD_CAP,A,2014,40117.10845,
FRA,GDP,TOT,USD_CAP,A,2015,40489.19489,P
FRA,GDP,TOT,USD_CAP,A,2016,41364.43588,P
FRA,GDP,TOT,USD_CAP,A,2017,42697.68243,P
DEU,GDP,TOT,USD_CAP,A,1970,4048.05206,E
DEU,GDP,TOT,USD_CAP,A,1971,4351.240335,E
DEU,GDP,TOT,USD_CAP,A,1972,4712.577962,E
DEU,GDP,TOT,USD_CAP,A,1973,5190.541726,E
DEU,GDP,TOT,USD_CAP,A,1974,5705.498851,E
DEU,GDP,TOT,USD_CAP,A,1975,6203.441212,E
DEU,GDP,TOT,USD_CAP,A,1976,6899.565803,E
DEU,GDP,TOT,USD_CAP,A,1977,7587.538653,E
DEU,GDP,TOT,USD_CAP,A,1978,8373.469943,E
DEU,GDP,TOT,USD_CAP,A,1979,9438.336856,E
DEU,GDP,TOT,USD_CAP,A,1980,10407.98021,E
DEU,GDP,TOT,USD_CAP,A,1981,11423.14384,E
DEU,GDP,TOT,USD_CAP,A,1982,12096.70817,E
DEU,GDP,TOT,USD_CAP,A,1983,12806.87371,E
DEU,GDP,TOT,USD_CAP,A,1984,13683.99602,E
DEU,GDP,TOT,USD_CAP,A,1985,14483.69586,E
DEU,GDP,TOT,USD_CAP,A,1986,15109.61794,E
DEU,GDP,TOT,USD_CAP,A,1987,15706.71306,E
DEU,GDP,TOT,USD_CAP,A,1988,16773.57705,E
DEU,GDP,TOT,USD_CAP,A,1989,17975.41536,E
DEU,GDP,TOT,USD_CAP,A,1990,19450.06974,E
DEU,GDP,TOT,USD_CAP,A,1991,20963.23759,
DEU,GDP,TOT,USD_CAP,A,1992,21710.5243,
DEU,GDP,TOT,USD_CAP,A,1993,21893.25011,
DEU,GDP,TOT,USD_CAP,A,1994,22851.87112,
DEU,GDP,TOT,USD_CAP,A,1995,23686.85653,
DEU,GDP,TOT,USD_CAP,A,1996,24237.15769,
DEU,GDP,TOT,USD_CAP,A,1997,24791.77969,
DEU,GDP,TOT,USD_CAP,A,1998,25559.15599,
DEU,GDP,TOT,USD_CAP,A,1999,26579.73908,
DEU,GDP,TOT,USD_CAP,A,2000,27546.58095,
DEU,GDP,TOT,USD_CAP,A,2001,28790.79903,
DEU,GDP,TOT,USD_CAP,A,2002,29654.21869,
DEU,GDP,TOT,USD_CAP,A,2003,30350.20273,
DEU,GDP,TOT,USD_CAP,A,2004,31837.71113,
DEU,GDP,TOT,USD_CAP,A,2005,32413.54006,
DEU,GDP,TOT,USD_CAP,A,2006,34753.95204,
DEU,GDP,TOT,USD_CAP,A,2007,37017.96634,
DEU,GDP,TOT,USD_CAP,A,2008,38662.60613,
DEU,GDP,TOT,USD_CAP,A,2009,37688.91949,
DEU,GDP,TOT,USD_CAP,A,2010,39955.04588,
DEU,GDP,TOT,USD_CAP,A,2011,42692.50173,
DEU,GDP,TOT,USD_CAP,A,2012,43564.07389,
DEU,GDP,TOT,USD_CAP,A,2013,45231.97175,
DEU,GDP,TOT,USD_CAP,A,2014,47092.21722,
DEU,GDP,TOT,USD_CAP,A,2015,47810.63453,
DEU,GDP,TOT,USD_CAP,A,2016,48942.90715,
DEU,GDP,TOT,USD_CAP,A,2017,50704.51928,
GRC,GDP,TOT,USD_CAP,A,1970,3102.740816,E
GRC,GDP,TOT,USD_CAP,A,1971,3500.826558,E
GRC,GDP,TOT,USD_CAP,A,1972,3997.220802,E
GRC,GDP,TOT,USD_CAP,A,1973,4535.410942,E
GRC,GDP,TOT,USD_CAP,A,1974,4607.554572,E
GRC,GDP,TOT,USD_CAP,A,1975,5305.108045,E
GRC,GDP,TOT,USD_CAP,A,1976,5900.81849,E
GRC,GDP,TOT,USD_CAP,A,1977,6353.452048,E
GRC,GDP,TOT,USD_CAP,A,1978,7197.885083,E
GRC,GDP,TOT,USD_CAP,A,1979,7948.450044,E
GRC,GDP,TOT,USD_CAP,A,1980,8638.049137,E
GRC,GDP,TOT,USD_CAP,A,1981,9215.574663,E
GRC,GDP,TOT,USD_CAP,A,1982,9616.092099,E
GRC,GDP,TOT,USD_CAP,A,1983,9830.701857,E
GRC,GDP,TOT,USD_CAP,A,1984,10332.81627,E
GRC,GDP,TOT,USD_CAP,A,1985,10889.17004,E
GRC,GDP,TOT,USD_CAP,A,1986,11129.48461,E
GRC,GDP,TOT,USD_CAP,A,1987,11117.6774,E
GRC,GDP,TOT,USD_CAP,A,1988,11957.2799,E
GRC,GDP,TOT,USD_CAP,A,1989,12826.51323,E
GRC,GDP,TOT,USD_CAP,A,1990,13207.95058,E
GRC,GDP,TOT,USD_CAP,A,1991,13952.54354,E
GRC,GDP,TOT,USD_CAP,A,1992,14266.07041,E
GRC,GDP,TOT,USD_CAP,A,1993,14292.99615,E
GRC,GDP,TOT,USD_CAP,A,1994,14821.87027,E
GRC,GDP,TOT,USD_CAP,A,1995,15407.61659,
GRC,GDP,TOT,USD_CAP,A,1996,16125.72993,
GRC,GDP,TOT,USD_CAP,A,1997,17146.14884,
GRC,GDP,TOT,USD_CAP,A,1998,18018.69778,
GRC,GDP,TOT,USD_CAP,A,1999,18464.72645,
GRC,GDP,TOT,USD_CAP,A,2000,19515.80848,
GRC,GDP,TOT,USD_CAP,A,2001,20980.97593,
GRC,GDP,TOT,USD_CAP,A,2002,22615.95744,
GRC,GDP,TOT,USD_CAP,A,2003,23868.44444,
GRC,GDP,TOT,USD_CAP,A,2004,25446.33226,
GRC,GDP,TOT,USD_CAP,A,2005,25577.44544,
GRC,GDP,TOT,USD_CAP,A,2006,28523.14572,
GRC,GDP,TOT,USD_CAP,A,2007,29286.80586,
GRC,GDP,TOT,USD_CAP,A,2008,30855.93577,
GRC,GDP,TOT,USD_CAP,A,2009,30359.91034,
GRC,GDP,TOT,USD_CAP,A,2010,28175.74521,
GRC,GDP,TOT,USD_CAP,A,2011,26141.09103,P
GRC,GDP,TOT,USD_CAP,A,2012,25284.40578,P
GRC,GDP,TOT,USD_CAP,A,2013,26097.79752,P
GRC,GDP,TOT,USD_CAP,A,2014,26838.58227,P
GRC,GDP,TOT,USD_CAP,A,2015,26697.04883,P
GRC,GDP,TOT,USD_CAP,A,2016,26764.90834,P
GRC,GDP,TOT,USD_CAP,A,2017,27907.73207,P
HUN,GDP,TOT,USD_CAP,A,1991,8333.275897,E
HUN,GDP,TOT,USD_CAP,A,1992,8279.675894,E
HUN,GDP,TOT,USD_CAP,A,1993,8452.397613,E
HUN,GDP,TOT,USD_CAP,A,1994,8915.262488,E
HUN,GDP,TOT,USD_CAP,A,1995,9175.992499,
HUN,GDP,TOT,USD_CAP,A,1996,9338.510489,
HUN,GDP,TOT,USD_CAP,A,1997,9817.885998,
HUN,GDP,TOT,USD_CAP,A,1998,10403.03108,
HUN,GDP,TOT,USD_CAP,A,1999,10894.75229,
HUN,GDP,TOT,USD_CAP,A,2000,11876.0812,
HUN,GDP,TOT,USD_CAP,A,2001,13241.99657,
HUN,GDP,TOT,USD_CAP,A,2002,14549.58617,
HUN,GDP,TOT,USD_CAP,A,2003,15467.23979,
HUN,GDP,TOT,USD_CAP,A,2004,16251.38087,
HUN,GDP,TOT,USD_CAP,A,2005,17081.77436,
HUN,GDP,TOT,USD_CAP,A,2006,18300.32565,
HUN,GDP,TOT,USD_CAP,A,2007,19026.8398,
HUN,GDP,TOT,USD_CAP,A,2008,20678.67991,
HUN,GDP,TOT,USD_CAP,A,2009,20648.05518,
HUN,GDP,TOT,USD_CAP,A,2010,21555.85913,
HUN,GDP,TOT,USD_CAP,A,2011,22841.21034,
HUN,GDP,TOT,USD_CAP,A,2012,23094.47333,
HUN,GDP,TOT,USD_CAP,A,2013,24463.19939,
HUN,GDP,TOT,USD_CAP,A,2014,25524.7177,
HUN,GDP,TOT,USD_CAP,A,2015,26147.53739,
HUN,GDP,TOT,USD_CAP,A,2016,26700.75602,
HUN,GDP,TOT,USD_CAP,A,2017,28366.70709,
ISL,GDP,TOT,USD_CAP,A,1970,3804.320585,E
ISL,GDP,TOT,USD_CAP,A,1971,4476.02369,E
ISL,GDP,TOT,USD_CAP,A,1972,4882.856259,E
ISL,GDP,TOT,USD_CAP,A,1973,5419.009136,E
ISL,GDP,TOT,USD_CAP,A,1974,6156.986344,E
ISL,GDP,TOT,USD_CAP,A,1975,6686.616685,E
ISL,GDP,TOT,USD_CAP,A,1976,7402.625981,E
ISL,GDP,TOT,USD_CAP,A,1977,8490.218132,E
ISL,GDP,TOT,USD_CAP,A,1978,9557.038345,E
ISL,GDP,TOT,USD_CAP,A,1979,10745.03597,E
ISL,GDP,TOT,USD_CAP,A,1980,12256.44376,E
ISL,GDP,TOT,USD_CAP,A,1981,13812.3369,E
ISL,GDP,TOT,USD_CAP,A,1982,14780.73112,E
ISL,GDP,TOT,USD_CAP,A,1983,14840.75791,E
ISL,GDP,TOT,USD_CAP,A,1984,15837.71638,E
ISL,GDP,TOT,USD_CAP,A,1985,16749.43184,E
ISL,GDP,TOT,USD_CAP,A,1986,18024.0009,E
ISL,GDP,TOT,USD_CAP,A,1987,19838.89874,E
ISL,GDP,TOT,USD_CAP,A,1988,20192.94584,E
ISL,GDP,TOT,USD_CAP,A,1989,20794.18895,E
ISL,GDP,TOT,USD_CAP,A,1990,21640.71367,E
ISL,GDP,TOT,USD_CAP,A,1991,22036.27061,E
ISL,GDP,TOT,USD_CAP,A,1992,21516.43469,E
ISL,GDP,TOT,USD_CAP,A,1993,22090.95357,E
ISL,GDP,TOT,USD_CAP,A,1994,23179.92957,E
ISL,GDP,TOT,USD_CAP,A,1995,23567.47067,
ISL,GDP,TOT,USD_CAP,A,1996,24423.28475,B
ISL,GDP,TOT,USD_CAP,A,1997,26806.77977,
ISL,GDP,TOT,USD_CAP,A,1998,28554.24924,
ISL,GDP,TOT,USD_CAP,A,1999,29363.5883,
ISL,GDP,TOT,USD_CAP,A,2000,29453.94976,
ISL,GDP,TOT,USD_CAP,A,2001,31519.54523,
ISL,GDP,TOT,USD_CAP,A,2002,32211.09892,
ISL,GDP,TOT,USD_CAP,A,2003,32362.88712,
ISL,GDP,TOT,USD_CAP,A,2004,35269.12748,
ISL,GDP,TOT,USD_CAP,A,2005,37069.3273,
ISL,GDP,TOT,USD_CAP,A,2006,38652.10626,
ISL,GDP,TOT,USD_CAP,A,2007,40801.83427,
ISL,GDP,TOT,USD_CAP,A,2008,42455.52669,
ISL,GDP,TOT,USD_CAP,A,2009,41105.4883,
ISL,GDP,TOT,USD_CAP,A,2010,38540.2955,
ISL,GDP,TOT,USD_CAP,A,2011,39623.67472,
ISL,GDP,TOT,USD_CAP,A,2012,40698.06825,
ISL,GDP,TOT,USD_CAP,A,2013,42816.5244,
ISL,GDP,TOT,USD_CAP,A,2014,44544.10545,
ISL,GDP,TOT,USD_CAP,A,2015,47501.77941,
ISL,GDP,TOT,USD_CAP,A,2016,50751.58353,
IRL,GDP,TOT,USD_CAP,A,1970,2464.547913,E
IRL,GDP,TOT,USD_CAP,A,1971,2654.35574,E
IRL,GDP,TOT,USD_CAP,A,1972,2904.129911,E
IRL,GDP,TOT,USD_CAP,A,1973,3155.619445,E
IRL,GDP,TOT,USD_CAP,A,1974,3527.068095,E
IRL,GDP,TOT,USD_CAP,A,1975,4003.790368,E
IRL,GDP,TOT,USD_CAP,A,1976,4214.806714,E
IRL,GDP,TOT,USD_CAP,A,1977,4778.671355,E
IRL,GDP,TOT,USD_CAP,A,1978,5412.265387,E
IRL,GDP,TOT,USD_CAP,A,1979,5942.321436,E
IRL,GDP,TOT,USD_CAP,A,1980,6612.9238,E
IRL,GDP,TOT,USD_CAP,A,1981,7379.613135,E
IRL,GDP,TOT,USD_CAP,A,1982,7931.158523,E
IRL,GDP,TOT,USD_CAP,A,1983,8165.508563,E
IRL,GDP,TOT,USD_CAP,A,1984,8763.406626,E
IRL,GDP,TOT,USD_CAP,A,1985,9291.264588,E
IRL,GDP,TOT,USD_CAP,A,1986,9435.462453,E
IRL,GDP,TOT,USD_CAP,A,1987,10124.54006,E
IRL,GDP,TOT,USD_CAP,A,1988,11063.19338,E
IRL,GDP,TOT,USD_CAP,A,1989,12234.30699,E
IRL,GDP,TOT,USD_CAP,A,1990,13776.7108,E
IRL,GDP,TOT,USD_CAP,A,1991,14427.65715,E
IRL,GDP,TOT,USD_CAP,A,1992,15125.4932,E
IRL,GDP,TOT,USD_CAP,A,1993,15817.78916,E
IRL,GDP,TOT,USD_CAP,A,1994,17027.06302,E
IRL,GDP,TOT,USD_CAP,A,1995,18975.90388,E
IRL,GDP,TOT,USD_CAP,A,1996,20539.15701,E
IRL,GDP,TOT,USD_CAP,A,1997,22676.0709,E
IRL,GDP,TOT,USD_CAP,A,1998,25029.09611,
IRL,GDP,TOT,USD_CAP,A,1999,26995.49654,
IRL,GDP,TOT,USD_CAP,A,2000,30180.54901,
IRL,GDP,TOT,USD_CAP,A,2001,32593.17535,
IRL,GDP,TOT,USD_CAP,A,2002,35211.79711,
IRL,GDP,TOT,USD_CAP,A,2003,36231.19347,
IRL,GDP,TOT,USD_CAP,A,2004,38710.92169,
IRL,GDP,TOT,USD_CAP,A,2005,40437.41144,
IRL,GDP,TOT,USD_CAP,A,2006,44250.12047,
IRL,GDP,TOT,USD_CAP,A,2007,46738.38758,
IRL,GDP,TOT,USD_CAP,A,2008,44216.75145,
IRL,GDP,TOT,USD_CAP,A,2009,41578.78206,
IRL,GDP,TOT,USD_CAP,A,2010,43302.31557,
IRL,GDP,TOT,USD_CAP,A,2011,45176.26932,
IRL,GDP,TOT,USD_CAP,A,2012,46468.78723,
IRL,GDP,TOT,USD_CAP,A,2013,48296.79238,
IRL,GDP,TOT,USD_CAP,A,2014,51468.35572,
IRL,GDP,TOT,USD_CAP,A,2015,69458.8859,
IRL,GDP,TOT,USD_CAP,A,2016,72485.03722,
IRL,GDP,TOT,USD_CAP,A,2017,76484.80593,B
ITA,GDP,TOT,USD_CAP,A,1970,3624.591989,E
ITA,GDP,TOT,USD_CAP,A,1971,3859.839573,E
ITA,GDP,TOT,USD_CAP,A,1972,4151.920413,E
ITA,GDP,TOT,USD_CAP,A,1973,4658.128953,E
ITA,GDP,TOT,USD_CAP,A,1974,5320.853269,E
ITA,GDP,TOT,USD_CAP,A,1975,5658.234152,E
ITA,GDP,TOT,USD_CAP,A,1976,6362.289655,E
ITA,GDP,TOT,USD_CAP,A,1977,6900.587637,E
ITA,GDP,TOT,USD_CAP,A,1978,7597.2702,E
ITA,GDP,TOT,USD_CAP,A,1979,8689.443,E
ITA,GDP,TOT,USD_CAP,A,1980,9777.857869,E
ITA,GDP,TOT,USD_CAP,A,1981,10766.4211,E
ITA,GDP,TOT,USD_CAP,A,1982,11474.89111,E
ITA,GDP,TOT,USD_CAP,A,1983,12063.02926,E
ITA,GDP,TOT,USD_CAP,A,1984,12891.12557,E
ITA,GDP,TOT,USD_CAP,A,1985,13671.87441,E
ITA,GDP,TOT,USD_CAP,A,1986,14345.83651,E
ITA,GDP,TOT,USD_CAP,A,1987,15179.90855,E
ITA,GDP,TOT,USD_CAP,A,1988,16362.41473,E
ITA,GDP,TOT,USD_CAP,A,1989,17561.38625,E
ITA,GDP,TOT,USD_CAP,A,1990,18557.11805,E
ITA,GDP,TOT,USD_CAP,A,1991,19450.48156,E
ITA,GDP,TOT,USD_CAP,A,1992,20052.20598,E
ITA,GDP,TOT,USD_CAP,A,1993,20341.7976,E
ITA,GDP,TOT,USD_CAP,A,1994,21217.23607,E
ITA,GDP,TOT,USD_CAP,A,1995,22284.68804,
ITA,GDP,TOT,USD_CAP,A,1996,22963.13948,
ITA,GDP,TOT,USD_CAP,A,1997,23807.98888,
ITA,GDP,TOT,USD_CAP,A,1998,24926.59073,
ITA,GDP,TOT,USD_CAP,A,1999,25531.62178,
ITA,GDP,TOT,USD_CAP,A,2000,27022.87547,
ITA,GDP,TOT,USD_CAP,A,2001,27953.08281,
ITA,GDP,TOT,USD_CAP,A,2002,28621.2456,
ITA,GDP,TOT,USD_CAP,A,2003,29028.95734,
ITA,GDP,TOT,USD_CAP,A,2004,29376.67703,
ITA,GDP,TOT,USD_CAP,A,2005,29937.5842,
ITA,GDP,TOT,USD_CAP,A,2006,32178.7437,
ITA,GDP,TOT,USD_CAP,A,2007,33788.78666,
ITA,GDP,TOT,USD_CAP,A,2008,35154.80175,
ITA,GDP,TOT,USD_CAP,A,2009,34228.04698,
ITA,GDP,TOT,USD_CAP,A,2010,34718.76652,
ITA,GDP,TOT,USD_CAP,A,2011,35935.48395,
ITA,GDP,TOT,USD_CAP,A,2012,35757.02368,
ITA,GDP,TOT,USD_CAP,A,2013,35885.39085,
ITA,GDP,TOT,USD_CAP,A,2014,36070.8482,
ITA,GDP,TOT,USD_CAP,A,2015,36640.09372,
ITA,GDP,TOT,USD_CAP,A,2016,38380.16238,
ITA,GDP,TOT,USD_CAP,A,2017,39807.12577,
JPN,GDP,TOT,USD_CAP,A,1970,3261.926394,E
JPN,GDP,TOT,USD_CAP,A,1971,3553.331245,E
JPN,GDP,TOT,USD_CAP,A,1972,3964.939107,E
JPN,GDP,TOT,USD_CAP,A,1973,4413.449582,E
JPN,GDP,TOT,USD_CAP,A,1974,4686.287589,E
JPN,GDP,TOT,USD_CAP,A,1975,5214.229455,E
JPN,GDP,TOT,USD_CAP,A,1976,5655.683649,E
JPN,GDP,TOT,USD_CAP,A,1977,6209.093337,E
JPN,GDP,TOT,USD_CAP,A,1978,6932.067375,E
JPN,GDP,TOT,USD_CAP,A,1979,7850.335799,E
JPN,GDP,TOT,USD_CAP,A,1980,8730.1488,
JPN,GDP,TOT,USD_CAP,A,1981,9850.164871,
JPN,GDP,TOT,USD_CAP,A,1982,10752.39999,
JPN,GDP,TOT,USD_CAP,A,1983,11496.07438,
JPN,GDP,TOT,USD_CAP,A,1984,12327.56507,
JPN,GDP,TOT,USD_CAP,A,1985,13339.0844,
JPN,GDP,TOT,USD_CAP,A,1986,13967.6639,
JPN,GDP,TOT,USD_CAP,A,1987,14922.90057,
JPN,GDP,TOT,USD_CAP,A,1988,16473.27073,
JPN,GDP,TOT,USD_CAP,A,1989,17857.56359,
JPN,GDP,TOT,USD_CAP,A,1990,19424.8855,
JPN,GDP,TOT,USD_CAP,A,1991,20740.33496,
JPN,GDP,TOT,USD_CAP,A,1992,21329.45475,
JPN,GDP,TOT,USD_CAP,A,1993,21687.57564,
JPN,GDP,TOT,USD_CAP,A,1994,22370.82071,
JPN,GDP,TOT,USD_CAP,A,1995,23403.78458,
JPN,GDP,TOT,USD_CAP,A,1996,24516.03069,
JPN,GDP,TOT,USD_CAP,A,1997,25144.05417,
JPN,GDP,TOT,USD_CAP,A,1998,25062.80956,
JPN,GDP,TOT,USD_CAP,A,1999,25334.51015,
JPN,GDP,TOT,USD_CAP,A,2000,26841.4079,
JPN,GDP,TOT,USD_CAP,A,2001,27499.36187,
JPN,GDP,TOT,USD_CAP,A,2002,28170.05438,
JPN,GDP,TOT,USD_CAP,A,2003,28940.63109,
JPN,GDP,TOT,USD_CAP,A,2004,30368.2328,
JPN,GDP,TOT,USD_CAP,A,2005,31667.91436,
JPN,GDP,TOT,USD_CAP,A,2006,33103.05265,
JPN,GDP,TOT,USD_CAP,A,2007,34507.89646,
JPN,GDP,TOT,USD_CAP,A,2008,34803.65781,
JPN,GDP,TOT,USD_CAP,A,2009,33196.05004,
JPN,GDP,TOT,USD_CAP,A,2010,35007.70177,
JPN,GDP,TOT,USD_CAP,A,2011,35775.25633,
JPN,GDP,TOT,USD_CAP,A,2012,37213.8374,
JPN,GDP,TOT,USD_CAP,A,2013,39008.36056,
JPN,GDP,TOT,USD_CAP,A,2014,39183.46568,
JPN,GDP,TOT,USD_CAP,A,2015,40727.25449,
JPN,GDP,TOT,USD_CAP,A,2016,42292.68131,
KOR,GDP,TOT,USD_CAP,A,1970,605.496652,
KOR,GDP,TOT,USD_CAP,A,1971,689.0386,
KOR,GDP,TOT,USD_CAP,A,1972,755.973195,
KOR,GDP,TOT,USD_CAP,A,1973,899.256008,
KOR,GDP,TOT,USD_CAP,A,1974,1054.543538,
KOR,GDP,TOT,USD_CAP,A,1975,1222.065202,
KOR,GDP,TOT,USD_CAP,A,1976,1435.112529,
KOR,GDP,TOT,USD_CAP,A,1977,1684.800485,
KOR,GDP,TOT,USD_CAP,A,1978,1967.275517,
KOR,GDP,TOT,USD_CAP,A,1979,2278.567636,
KOR,GDP,TOT,USD_CAP,A,1980,2404.011464,
KOR,GDP,TOT,USD_CAP,A,1981,2773.613665,
KOR,GDP,TOT,USD_CAP,A,1982,3140.242341,
KOR,GDP,TOT,USD_CAP,A,1983,3642.391782,
KOR,GDP,TOT,USD_CAP,A,1984,4114.367508,
KOR,GDP,TOT,USD_CAP,A,1985,4530.215211,
KOR,GDP,TOT,USD_CAP,A,1986,5089.46514,
KOR,GDP,TOT,USD_CAP,A,1987,5812.477102,
KOR,GDP,TOT,USD_CAP,A,1988,6666.640218,
KOR,GDP,TOT,USD_CAP,A,1989,7339.713249,
KOR,GDP,TOT,USD_CAP,A,1990,8276.08959,
KOR,GDP,TOT,USD_CAP,A,1991,9343.913932,
KOR,GDP,TOT,USD_CAP,A,1992,10042.26205,
KOR,GDP,TOT,USD_CAP,A,1993,10874.01429,
KOR,GDP,TOT,USD_CAP,A,1994,12006.3735,
KOR,GDP,TOT,USD_CAP,A,1995,13295.51704,
KOR,GDP,TOT,USD_CAP,A,1996,14428.17143,
KOR,GDP,TOT,USD_CAP,A,1997,15399.08584,
KOR,GDP,TOT,USD_CAP,A,1998,14608.68373,
KOR,GDP,TOT,USD_CAP,A,1999,16392.69505,
KOR,GDP,TOT,USD_CAP,A,2000,18083.1268,
KOR,GDP,TOT,USD_CAP,A,2001,19184.45252,
KOR,GDP,TOT,USD_CAP,A,2002,20774.99003,
KOR,GDP,TOT,USD_CAP,A,2003,21374.64405,
KOR,GDP,TOT,USD_CAP,A,2004,22946.99362,
KOR,GDP,TOT,USD_CAP,A,2005,24196.20341,
KOR,GDP,TOT,USD_CAP,A,2006,25827.9503,
KOR,GDP,TOT,USD_CAP,A,2007,27822.65326,
KOR,GDP,TOT,USD_CAP,A,2008,28655.81293,
KOR,GDP,TOT,USD_CAP,A,2009,28320.22437,
KOR,GDP,TOT,USD_CAP,A,2010,30376.94049,
KOR,GDP,TOT,USD_CAP,A,2011,31228.28432,
KOR,GDP,TOT,USD_CAP,A,2012,32097.07001,
KOR,GDP,TOT,USD_CAP,A,2013,32615.7034,
KOR,GDP,TOT,USD_CAP,A,2014,33587.35769,
KOR,GDP,TOT,USD_CAP,A,2015,35203.69758,
KOR,GDP,TOT,USD_CAP,A,2016,36532.26382,P
LUX,GDP,TOT,USD_CAP,A,1970,5446.629728,E
LUX,GDP,TOT,USD_CAP,A,1971,5820.929939,E
LUX,GDP,TOT,USD_CAP,A,1972,6395.188835,E
LUX,GDP,TOT,USD_CAP,A,1973,7222.490806,E
LUX,GDP,TOT,USD_CAP,A,1974,8096.606569,E
LUX,GDP,TOT,USD_CAP,A,1975,8175.345077,E
LUX,GDP,TOT,USD_CAP,A,1976,8798.53258,E
LUX,GDP,TOT,USD_CAP,A,1977,9472.609281,E
LUX,GDP,TOT,USD_CAP,A,1978,10533.333,E
LUX,GDP,TOT,USD_CAP,A,1979,11641.48796,E
LUX,GDP,TOT,USD_CAP,A,1980,12748.92989,E
LUX,GDP,TOT,USD_CAP,A,1981,13824.46526,E
LUX,GDP,TOT,USD_CAP,A,1982,14840.07461,E
LUX,GDP,TOT,USD_CAP,A,1983,15882.76636,E
LUX,GDP,TOT,USD_CAP,A,1984,17449.53408,E
LUX,GDP,TOT,USD_CAP,A,1985,18480.28229,E
LUX,GDP,TOT,USD_CAP,A,1986,20639.71994,E
LUX,GDP,TOT,USD_CAP,A,1987,21860.12614,E
LUX,GDP,TOT,USD_CAP,A,1988,24330.25556,E
LUX,GDP,TOT,USD_CAP,A,1989,27480.85811,E
LUX,GDP,TOT,USD_CAP,A,1990,29675.52512,E
LUX,GDP,TOT,USD_CAP,A,1991,32866.35847,E
LUX,GDP,TOT,USD_CAP,A,1992,33764.9556,E
LUX,GDP,TOT,USD_CAP,A,1993,35513.58554,E
LUX,GDP,TOT,USD_CAP,A,1994,37114.32358,E
LUX,GDP,TOT,USD_CAP,A,1995,39547.10821,
LUX,GDP,TOT,USD_CAP,A,1996,41311.13078,
LUX,GDP,TOT,USD_CAP,A,1997,42785.60093,
LUX,GDP,TOT,USD_CAP,A,1998,44308.63965,
LUX,GDP,TOT,USD_CAP,A,1999,50526.65319,
LUX,GDP,TOT,USD_CAP,A,2000,55254.59079,
LUX,GDP,TOT,USD_CAP,A,2001,55898.70518,
LUX,GDP,TOT,USD_CAP,A,2002,58709.01536,
LUX,GDP,TOT,USD_CAP,A,2003,59951.29111,
LUX,GDP,TOT,USD_CAP,A,2004,64016.23602,
LUX,GDP,TOT,USD_CAP,A,2005,68140.65238,
LUX,GDP,TOT,USD_CAP,A,2006,77914.03879,
LUX,GDP,TOT,USD_CAP,A,2007,83843.72953,
LUX,GDP,TOT,USD_CAP,A,2008,86591.98546,
LUX,GDP,TOT,USD_CAP,A,2009,82191.59886,
LUX,GDP,TOT,USD_CAP,A,2010,85598.23106,
LUX,GDP,TOT,USD_CAP,A,2011,91814.03661,
LUX,GDP,TOT,USD_CAP,A,2012,91526.72071,
LUX,GDP,TOT,USD_CAP,A,2013,95246.11389,
LUX,GDP,TOT,USD_CAP,A,2014,101274.8516,
LUX,GDP,TOT,USD_CAP,A,2015,102553.8613,
LUX,GDP,TOT,USD_CAP,A,2016,102019.4583,
LUX,GDP,TOT,USD_CAP,A,2017,104091.4116,
MEX,GDP,TOT,USD_CAP,A,1970,1714.012936,E
MEX,GDP,TOT,USD_CAP,A,1971,1814.012653,E
MEX,GDP,TOT,USD_CAP,A,1972,1986.570912,E
MEX,GDP,TOT,USD_CAP,A,1973,2197.436541,E
MEX,GDP,TOT,USD_CAP,A,1974,2461.182383,E
MEX,GDP,TOT,USD_CAP,A,1975,2753.338984,E
MEX,GDP,TOT,USD_CAP,A,1976,2938.415477,E
MEX,GDP,TOT,USD_CAP,A,1977,3135.257048,E
MEX,GDP,TOT,USD_CAP,A,1978,3530.637636,E
MEX,GDP,TOT,USD_CAP,A,1979,4056.659498,E
MEX,GDP,TOT,USD_CAP,A,1980,4643.583379,E
MEX,GDP,TOT,USD_CAP,A,1981,5395.936198,E
MEX,GDP,TOT,USD_CAP,A,1982,5560.825848,E
MEX,GDP,TOT,USD_CAP,A,1983,5408.362341,E
MEX,GDP,TOT,USD_CAP,A,1984,5675.72234,E
MEX,GDP,TOT,USD_CAP,A,1985,5892.413885,E
MEX,GDP,TOT,USD_CAP,A,1986,5667.319258,E
MEX,GDP,TOT,USD_CAP,A,1987,5801.125019,E
MEX,GDP,TOT,USD_CAP,A,1988,5958.058658,E
MEX,GDP,TOT,USD_CAP,A,1989,6323.764829,E
MEX,GDP,TOT,USD_CAP,A,1990,6757.491044,E
MEX,GDP,TOT,USD_CAP,A,1991,7148.65044,E
MEX,GDP,TOT,USD_CAP,A,1992,7450.657033,E
MEX,GDP,TOT,USD_CAP,A,1993,8323.549634,
MEX,GDP,TOT,USD_CAP,A,1994,8825.013066,
MEX,GDP,TOT,USD_CAP,A,1995,8350.880638,
MEX,GDP,TOT,USD_CAP,A,1996,8660.561935,
MEX,GDP,TOT,USD_CAP,A,1997,9364.649571,
MEX,GDP,TOT,USD_CAP,A,1998,9830.890589,
MEX,GDP,TOT,USD_CAP,A,1999,10216.05314,
MEX,GDP,TOT,USD_CAP,A,2000,10887.21685,
MEX,GDP,TOT,USD_CAP,A,2001,10979.57752,
MEX,GDP,TOT,USD_CAP,A,2002,10999.98034,
MEX,GDP,TOT,USD_CAP,A,2003,11050.81456,
MEX,GDP,TOT,USD_CAP,A,2004,11620.11914,
MEX,GDP,TOT,USD_CAP,A,2005,12522.28589,
MEX,GDP,TOT,USD_CAP,A,2006,13646.1394,
MEX,GDP,TOT,USD_CAP,A,2007,14261.30061,
MEX,GDP,TOT,USD_CAP,A,2008,14859.95553,
MEX,GDP,TOT,USD_CAP,A,2009,14505.56754,
MEX,GDP,TOT,USD_CAP,A,2010,15256.86187,
MEX,GDP,TOT,USD_CAP,A,2011,16522.03951,
MEX,GDP,TOT,USD_CAP,A,2012,17195.20718,
MEX,GDP,TOT,USD_CAP,A,2013,17437.31532,
MEX,GDP,TOT,USD_CAP,A,2014,18140.31555,E
MEX,GDP,TOT,USD_CAP,A,2015,17935.41185,E
MEX,GDP,TOT,USD_CAP,A,2016,18535.16689,E
NLD,GDP,TOT,USD_CAP,A,1969,4034.415023,E
NLD,GDP,TOT,USD_CAP,A,1970,4367.99835,E
NLD,GDP,TOT,USD_CAP,A,1971,4729.770473,E
NLD,GDP,TOT,USD_CAP,A,1972,5006.611428,E
NLD,GDP,TOT,USD_CAP,A,1973,5539.547409,E
NLD,GDP,TOT,USD_CAP,A,1974,6245.306977,E
NLD,GDP,TOT,USD_CAP,A,1975,6773.587816,E
NLD,GDP,TOT,USD_CAP,A,1976,7426.051533,E
NLD,GDP,TOT,USD_CAP,A,1977,7990.061953,E
NLD,GDP,TOT,USD_CAP,A,1978,8698.265648,E
NLD,GDP,TOT,USD_CAP,A,1979,9541.746285,E
NLD,GDP,TOT,USD_CAP,A,1980,10653.90728,E
NLD,GDP,TOT,USD_CAP,A,1981,11476.99256,E
NLD,GDP,TOT,USD_CAP,A,1982,11983.08832,E
NLD,GDP,TOT,USD_CAP,A,1983,12664.50955,E
NLD,GDP,TOT,USD_CAP,A,1984,13463.84229,E
NLD,GDP,TOT,USD_CAP,A,1985,14189.19326,E
NLD,GDP,TOT,USD_CAP,A,1986,14798.21436,E
NLD,GDP,TOT,USD_CAP,A,1987,15366.51829,E
NLD,GDP,TOT,USD_CAP,A,1988,16344.7899,E
NLD,GDP,TOT,USD_CAP,A,1989,17628.11563,E
NLD,GDP,TOT,USD_CAP,A,1990,18916.21862,E
NLD,GDP,TOT,USD_CAP,A,1991,19861.81023,E
NLD,GDP,TOT,USD_CAP,A,1992,20506.00886,E
NLD,GDP,TOT,USD_CAP,A,1993,21107.75572,E
NLD,GDP,TOT,USD_CAP,A,1994,22063.96229,E
NLD,GDP,TOT,USD_CAP,A,1995,23107.81511,
NLD,GDP,TOT,USD_CAP,A,1996,24225.8558,
NLD,GDP,TOT,USD_CAP,A,1997,25718.89485,
NLD,GDP,TOT,USD_CAP,A,1998,27343.55022,
NLD,GDP,TOT,USD_CAP,A,1999,28951.73792,
NLD,GDP,TOT,USD_CAP,A,2000,31598.90023,
NLD,GDP,TOT,USD_CAP,A,2001,32870.73849,
NLD,GDP,TOT,USD_CAP,A,2002,33995.11953,
NLD,GDP,TOT,USD_CAP,A,2003,33705.90896,
NLD,GDP,TOT,USD_CAP,A,2004,35440.99148,
NLD,GDP,TOT,USD_CAP,A,2005,37271.89023,
NLD,GDP,TOT,USD_CAP,A,2006,40615.31864,
NLD,GDP,TOT,USD_CAP,A,2007,43481.42645,
NLD,GDP,TOT,USD_CAP,A,2008,45859.47847,
NLD,GDP,TOT,USD_CAP,A,2009,44049.05535,
NLD,GDP,TOT,USD_CAP,A,2010,44551.9607,
NLD,GDP,TOT,USD_CAP,A,2011,46066.85667,
NLD,GDP,TOT,USD_CAP,A,2012,46715.50098,
NLD,GDP,TOT,USD_CAP,A,2013,48679.15942,
NLD,GDP,TOT,USD_CAP,A,2014,48612.03321,
NLD,GDP,TOT,USD_CAP,A,2015,49550.87358,P
NLD,GDP,TOT,USD_CAP,A,2016,50551.43754,P
NLD,GDP,TOT,USD_CAP,A,2017,52959.20618,P
NZL,GDP,TOT,USD_CAP,A,1970,3856.403332,E
NZL,GDP,TOT,USD_CAP,A,1971,4231.204333,
NZL,GDP,TOT,USD_CAP,A,1972,4604.688936,
NZL,GDP,TOT,USD_CAP,A,1973,5004.039036,
NZL,GDP,TOT,USD_CAP,A,1974,5635.302993,
NZL,GDP,TOT,USD_CAP,A,1975,6237.14036,
NZL,GDP,TOT,USD_CAP,A,1976,6547.006564,
NZL,GDP,TOT,USD_CAP,A,1977,6467.277002,
NZL,GDP,TOT,USD_CAP,A,1978,7223.71595,
NZL,GDP,TOT,USD_CAP,A,1979,7727.943618,
NZL,GDP,TOT,USD_CAP,A,1980,8487.967202,
NZL,GDP,TOT,USD_CAP,A,1981,9534.891439,
NZL,GDP,TOT,USD_CAP,A,1982,10364.78435,
NZL,GDP,TOT,USD_CAP,A,1983,11133.28804,
NZL,GDP,TOT,USD_CAP,A,1984,12158.48862,
NZL,GDP,TOT,USD_CAP,A,1985,12505.10753,
NZL,GDP,TOT,USD_CAP,A,1986,13250.15481,
NZL,GDP,TOT,USD_CAP,A,1987,13404.47709,
NZL,GDP,TOT,USD_CAP,A,1988,13769.53333,
NZL,GDP,TOT,USD_CAP,A,1989,14360.29569,
NZL,GDP,TOT,USD_CAP,A,1990,14676.69846,
NZL,GDP,TOT,USD_CAP,A,1991,14517.89646,B
NZL,GDP,TOT,USD_CAP,A,1992,14869.842,
NZL,GDP,TOT,USD_CAP,A,1993,15900.06451,
NZL,GDP,TOT,USD_CAP,A,1994,17021.10264,
NZL,GDP,TOT,USD_CAP,A,1995,17818.79387,
NZL,GDP,TOT,USD_CAP,A,1996,18393.16216,
NZL,GDP,TOT,USD_CAP,A,1997,19079.68949,
NZL,GDP,TOT,USD_CAP,A,1998,19294.5093,
NZL,GDP,TOT,USD_CAP,A,1999,20536.3357,
NZL,GDP,TOT,USD_CAP,A,2000,21468.79024,
NZL,GDP,TOT,USD_CAP,A,2001,22404.81982,
NZL,GDP,TOT,USD_CAP,A,2002,23180.5794,
NZL,GDP,TOT,USD_CAP,A,2003,23858.26372,
NZL,GDP,TOT,USD_CAP,A,2004,25002.91992,
NZL,GDP,TOT,USD_CAP,A,2005,25589.97039,
NZL,GDP,TOT,USD_CAP,A,2006,27685.12318,
NZL,GDP,TOT,USD_CAP,A,2007,29309.15031,
NZL,GDP,TOT,USD_CAP,A,2008,29782.22921,
NZL,GDP,TOT,USD_CAP,A,2009,30591.29544,
NZL,GDP,TOT,USD_CAP,A,2010,31177.45061,
NZL,GDP,TOT,USD_CAP,A,2011,32667.47868,
NZL,GDP,TOT,USD_CAP,A,2012,32912.10508,
NZL,GDP,TOT,USD_CAP,A,2013,36024.43332,
NZL,GDP,TOT,USD_CAP,A,2014,37035.82044,
NZL,GDP,TOT,USD_CAP,A,2015,37205.57814,
NZL,GDP,TOT,USD_CAP,A,2016,38346.42238,E
NOR,GDP,TOT,USD_CAP,A,1970,3368.023794,
NOR,GDP,TOT,USD_CAP,A,1971,3714.87956,
NOR,GDP,TOT,USD_CAP,A,1972,4051.164276,
NOR,GDP,TOT,USD_CAP,A,1973,4434.816602,
NOR,GDP,TOT,USD_CAP,A,1974,4991.295953,
NOR,GDP,TOT,USD_CAP,A,1975,5692.198327,
NOR,GDP,TOT,USD_CAP,A,1976,6324.454338,
NOR,GDP,TOT,USD_CAP,A,1977,6966.809164,
NOR,GDP,TOT,USD_CAP,A,1978,7713.936446,
NOR,GDP,TOT,USD_CAP,A,1979,8685.971341,
NOR,GDP,TOT,USD_CAP,A,1980,9870.054236,
NOR,GDP,TOT,USD_CAP,A,1981,10926.58593,
NOR,GDP,TOT,USD_CAP,A,1982,11589.35218,
NOR,GDP,TOT,USD_CAP,A,1983,12486.09407,
NOR,GDP,TOT,USD_CAP,A,1984,13671.91491,
NOR,GDP,TOT,USD_CAP,A,1985,14846.28224,
NOR,GDP,TOT,USD_CAP,A,1986,15705.12509,
NOR,GDP,TOT,USD_CAP,A,1987,16309.92335,
NOR,GDP,TOT,USD_CAP,A,1988,16749.8025,
NOR,GDP,TOT,USD_CAP,A,1989,17506.8416,
NOR,GDP,TOT,USD_CAP,A,1990,18444.18279,
NOR,GDP,TOT,USD_CAP,A,1991,19549.17919,
NOR,GDP,TOT,USD_CAP,A,1992,20593.54235,
NOR,GDP,TOT,USD_CAP,A,1993,21552.66432,
NOR,GDP,TOT,USD_CAP,A,1994,22990.81088,
NOR,GDP,TOT,USD_CAP,A,1995,24321.89455,
NOR,GDP,TOT,USD_CAP,A,1996,26787.26317,
NOR,GDP,TOT,USD_CAP,A,1997,28593.11381,
NOR,GDP,TOT,USD_CAP,A,1998,28166.22007,
NOR,GDP,TOT,USD_CAP,A,1999,30554.74223,
NOR,GDP,TOT,USD_CAP,A,2000,36950.22509,
NOR,GDP,TOT,USD_CAP,A,2001,37816.21734,
NOR,GDP,TOT,USD_CAP,A,2002,37961.12649,
NOR,GDP,TOT,USD_CAP,A,2003,38529.22706,
NOR,GDP,TOT,USD_CAP,A,2004,42500.7934,
NOR,GDP,TOT,USD_CAP,A,2005,47775.43918,
NOR,GDP,TOT,USD_CAP,A,2006,54083.02748,
NOR,GDP,TOT,USD_CAP,A,2007,55888.93072,
NOR,GDP,TOT,USD_CAP,A,2008,61759.99132,
NOR,GDP,TOT,USD_CAP,A,2009,55424.43433,
NOR,GDP,TOT,USD_CAP,A,2010,58025.02229,
NOR,GDP,TOT,USD_CAP,A,2011,62146.13251,
NOR,GDP,TOT,USD_CAP,A,2012,65441.92484,
NOR,GDP,TOT,USD_CAP,A,2013,67051.14287,
NOR,GDP,TOT,USD_CAP,A,2014,66018.42418,
NOR,GDP,TOT,USD_CAP,A,2015,61713.18866,
NOR,GDP,TOT,USD_CAP,A,2016,58791.75823,
POL,GDP,TOT,USD_CAP,A,1990,6191.735076,E
POL,GDP,TOT,USD_CAP,A,1991,5936.806987,E
POL,GDP,TOT,USD_CAP,A,1992,6214.416072,E
POL,GDP,TOT,USD_CAP,A,1993,6591.826014,E
POL,GDP,TOT,USD_CAP,A,1994,7082.68146,E
POL,GDP,TOT,USD_CAP,A,1995,7728.504623,
POL,GDP,TOT,USD_CAP,A,1996,8325.091365,
POL,GDP,TOT,USD_CAP,A,1997,9001.409289,
POL,GDP,TOT,USD_CAP,A,1998,9557.532347,
POL,GDP,TOT,USD_CAP,A,1999,10124.60357,
POL,GDP,TOT,USD_CAP,A,2000,10651.97324,
POL,GDP,TOT,USD_CAP,A,2001,11110.35596,
POL,GDP,TOT,USD_CAP,A,2002,11780.56697,
POL,GDP,TOT,USD_CAP,A,2003,12259.37593,
POL,GDP,TOT,USD_CAP,A,2004,13346.65463,
POL,GDP,TOT,USD_CAP,A,2005,13897.54307,
POL,GDP,TOT,USD_CAP,A,2006,15147.8265,
POL,GDP,TOT,USD_CAP,A,2007,16787.07569,
POL,GDP,TOT,USD_CAP,A,2008,18315.13109,
POL,GDP,TOT,USD_CAP,A,2009,19077.28001,
POL,GDP,TOT,USD_CAP,A,2010,20809.45684,
POL,GDP,TOT,USD_CAP,A,2011,22576.17938,
POL,GDP,TOT,USD_CAP,A,2012,23542.00296,
POL,GDP,TOT,USD_CAP,A,2013,24422.76391,
POL,GDP,TOT,USD_CAP,A,2014,25288.23081,
POL,GDP,TOT,USD_CAP,A,2015,26270.68427,
POL,GDP,TOT,USD_CAP,A,2016,27057.65239,
POL,GDP,TOT,USD_CAP,A,2017,28951.21803,
PRT,GDP,TOT,USD_CAP,A,1970,2080.839953,E
PRT,GDP,TOT,USD_CAP,A,1971,2351.998821,E
PRT,GDP,TOT,USD_CAP,A,1972,2654.505174,E
PRT,GDP,TOT,USD_CAP,A,1973,3111.385746,E
PRT,GDP,TOT,USD_CAP,A,1974,3382.236654,E
PRT,GDP,TOT,USD_CAP,A,1975,3403.045659,E
PRT,GDP,TOT,USD_CAP,A,1976,3730.079464,E
PRT,GDP,TOT,USD_CAP,A,1977,4139.158822,E
PRT,GDP,TOT,USD_CAP,A,1978,4505.445732,E
PRT,GDP,TOT,USD_CAP,A,1979,5097.518177,E
PRT,GDP,TOT,USD_CAP,A,1980,5749.795445,E
PRT,GDP,TOT,USD_CAP,A,1981,6333.860498,E
PRT,GDP,TOT,USD_CAP,A,1982,6828.157328,E
PRT,GDP,TOT,USD_CAP,A,1983,7054.865648,E
PRT,GDP,TOT,USD_CAP,A,1984,7143.455424,E
PRT,GDP,TOT,USD_CAP,A,1985,7562.327838,E
PRT,GDP,TOT,USD_CAP,A,1986,8034.378051,E
PRT,GDP,TOT,USD_CAP,A,1987,8780.054407,E
PRT,GDP,TOT,USD_CAP,A,1988,9793.481852,E
PRT,GDP,TOT,USD_CAP,A,1989,10863.32576,E
PRT,GDP,TOT,USD_CAP,A,1990,11755.16347,E
PRT,GDP,TOT,USD_CAP,A,1991,12712.97654,E
PRT,GDP,TOT,USD_CAP,A,1992,13149.72913,E
PRT,GDP,TOT,USD_CAP,A,1993,13172.84085,E
PRT,GDP,TOT,USD_CAP,A,1994,13550.37147,E
PRT,GDP,TOT,USD_CAP,A,1995,14384.56378,
PRT,GDP,TOT,USD_CAP,A,1996,14899.39502,
PRT,GDP,TOT,USD_CAP,A,1997,15783.74986,
PRT,GDP,TOT,USD_CAP,A,1998,16677.92618,
PRT,GDP,TOT,USD_CAP,A,1999,17723.51132,
PRT,GDP,TOT,USD_CAP,A,2000,18883.894,
PRT,GDP,TOT,USD_CAP,A,2001,19556.93167,
PRT,GDP,TOT,USD_CAP,A,2002,20367.7387,
PRT,GDP,TOT,USD_CAP,A,2003,20839.50013,
PRT,GDP,TOT,USD_CAP,A,2004,21483.23776,
PRT,GDP,TOT,USD_CAP,A,2005,22739.66382,
PRT,GDP,TOT,USD_CAP,A,2006,24658.5397,
PRT,GDP,TOT,USD_CAP,A,2007,25701.41542,
PRT,GDP,TOT,USD_CAP,A,2008,26631.49833,
PRT,GDP,TOT,USD_CAP,A,2009,26464.48097,
PRT,GDP,TOT,USD_CAP,A,2010,27334.80906,
PRT,GDP,TOT,USD_CAP,A,2011,26780.13068,
PRT,GDP,TOT,USD_CAP,A,2012,26454.22685,
PRT,GDP,TOT,USD_CAP,A,2013,27899.47614,
PRT,GDP,TOT,USD_CAP,A,2014,28746.52581,
PRT,GDP,TOT,USD_CAP,A,2015,29532.32841,
PRT,GDP,TOT,USD_CAP,A,2016,30658.46629,P
PRT,GDP,TOT,USD_CAP,A,2017,32177.18508,P
SVK,GDP,TOT,USD_CAP,A,1992,7145.839141,E
SVK,GDP,TOT,USD_CAP,A,1993,7429.755903,E
SVK,GDP,TOT,USD_CAP,A,1994,8025.731362,E
SVK,GDP,TOT,USD_CAP,A,1995,8645.277554,
SVK,GDP,TOT,USD_CAP,A,1996,9358.226152,
SVK,GDP,TOT,USD_CAP,A,1997,10063.40372,
SVK,GDP,TOT,USD_CAP,A,1998,10603.90548,
SVK,GDP,TOT,USD_CAP,A,1999,10701.51806,
SVK,GDP,TOT,USD_CAP,A,2000,11329.64778,
SVK,GDP,TOT,USD_CAP,A,2001,12380.14019,
SVK,GDP,TOT,USD_CAP,A,2002,13290.17514,
SVK,GDP,TOT,USD_CAP,A,2003,14123.11061,
SVK,GDP,TOT,USD_CAP,A,2004,15165.15945,
SVK,GDP,TOT,USD_CAP,A,2005,16572.06371,
SVK,GDP,TOT,USD_CAP,A,2006,18804.57776,
SVK,GDP,TOT,USD_CAP,A,2007,21075.41399,
SVK,GDP,TOT,USD_CAP,A,2008,23574.93219,
SVK,GDP,TOT,USD_CAP,A,2009,22921.66236,
SVK,GDP,TOT,USD_CAP,A,2010,24809.25482,
SVK,GDP,TOT,USD_CAP,A,2011,25836.33899,
SVK,GDP,TOT,USD_CAP,A,2012,26654.00879,
SVK,GDP,TOT,USD_CAP,A,2013,27899.62134,
SVK,GDP,TOT,USD_CAP,A,2014,28928.17644,
SVK,GDP,TOT,USD_CAP,A,2015,29529.97772,
SVK,GDP,TOT,USD_CAP,A,2016,30460.32019,
SVK,GDP,TOT,USD_CAP,A,2017,32119.35687,
ESP,GDP,TOT,USD_CAP,A,1970,2764.644958,E
ESP,GDP,TOT,USD_CAP,A,1971,3012.173605,E
ESP,GDP,TOT,USD_CAP,A,1972,3368.345617,E
ESP,GDP,TOT,USD_CAP,A,1973,3793.958955,E
ESP,GDP,TOT,USD_CAP,A,1974,4325.223668,E
ESP,GDP,TOT,USD_CAP,A,1975,4702.191026,E
ESP,GDP,TOT,USD_CAP,A,1976,5063.997186,E
ESP,GDP,TOT,USD_CAP,A,1977,5465.381715,E
ESP,GDP,TOT,USD_CAP,A,1978,5868.372794,E
ESP,GDP,TOT,USD_CAP,A,1979,6298.979833,E
ESP,GDP,TOT,USD_CAP,A,1980,6943.509421,E
ESP,GDP,TOT,USD_CAP,A,1981,7535.310464,E
ESP,GDP,TOT,USD_CAP,A,1982,8059.184656,E
ESP,GDP,TOT,USD_CAP,A,1983,8485.6495,E
ESP,GDP,TOT,USD_CAP,A,1984,8907.108298,E
ESP,GDP,TOT,USD_CAP,A,1985,9370.972179,E
ESP,GDP,TOT,USD_CAP,A,1986,9841.093137,E
ESP,GDP,TOT,USD_CAP,A,1987,10625.79914,E
ESP,GDP,TOT,USD_CAP,A,1988,11532.68684,E
ESP,GDP,TOT,USD_CAP,A,1989,12535.1281,E
ESP,GDP,TOT,USD_CAP,A,1990,13469.87198,E
ESP,GDP,TOT,USD_CAP,A,1991,14247.30956,E
ESP,GDP,TOT,USD_CAP,A,1992,14673.18235,E
ESP,GDP,TOT,USD_CAP,A,1993,14834.90445,E
ESP,GDP,TOT,USD_CAP,A,1994,15483.91671,E
ESP,GDP,TOT,USD_CAP,A,1995,16219.25424,
ESP,GDP,TOT,USD_CAP,A,1996,16914.81427,
ESP,GDP,TOT,USD_CAP,A,1997,17863.91971,
ESP,GDP,TOT,USD_CAP,A,1998,19018.23275,
ESP,GDP,TOT,USD_CAP,A,1999,19915.64327,
ESP,GDP,TOT,USD_CAP,A,2000,21537.62536,
ESP,GDP,TOT,USD_CAP,A,2001,22977.31616,
ESP,GDP,TOT,USD_CAP,A,2002,24367.74311,
ESP,GDP,TOT,USD_CAP,A,2003,25049.17356,
ESP,GDP,TOT,USD_CAP,A,2004,26227.78369,
ESP,GDP,TOT,USD_CAP,A,2005,27696.44668,
ESP,GDP,TOT,USD_CAP,A,2006,30844.81247,
ESP,GDP,TOT,USD_CAP,A,2007,32584.783,
ESP,GDP,TOT,USD_CAP,A,2008,33442.50046,
ESP,GDP,TOT,USD_CAP,A,2009,32381.98171,
ESP,GDP,TOT,USD_CAP,A,2010,31964.11571,
ESP,GDP,TOT,USD_CAP,A,2011,32072.68837,
ESP,GDP,TOT,USD_CAP,A,2012,31992.80352,
ESP,GDP,TOT,USD_CAP,A,2013,32622.65998,
ESP,GDP,TOT,USD_CAP,A,2014,33728.36272,
ESP,GDP,TOT,USD_CAP,A,2015,34844.14437,P
ESP,GDP,TOT,USD_CAP,A,2016,36331.52557,P
ESP,GDP,TOT,USD_CAP,A,2017,38109.77418,P
SWE,GDP,TOT,USD_CAP,A,1970,4840.335423,E
SWE,GDP,TOT,USD_CAP,A,1971,5099.28876,E
SWE,GDP,TOT,USD_CAP,A,1972,5425.730005,E
SWE,GDP,TOT,USD_CAP,A,1973,5937.043869,E
SWE,GDP,TOT,USD_CAP,A,1974,6657.670695,E
SWE,GDP,TOT,USD_CAP,A,1975,7431.737968,E
SWE,GDP,TOT,USD_CAP,A,1976,7893.705819,E
SWE,GDP,TOT,USD_CAP,A,1977,8220.535086,E
SWE,GDP,TOT,USD_CAP,A,1978,8925.854643,E
SWE,GDP,TOT,USD_CAP,A,1979,10010.82897,E
SWE,GDP,TOT,USD_CAP,A,1980,11077.81793,E
SWE,GDP,TOT,USD_CAP,A,1981,12152.53532,E
SWE,GDP,TOT,USD_CAP,A,1982,13059.75682,E
SWE,GDP,TOT,USD_CAP,A,1983,13826.77983,E
SWE,GDP,TOT,USD_CAP,A,1984,14908.62599,E
SWE,GDP,TOT,USD_CAP,A,1985,15693.56046,E
SWE,GDP,TOT,USD_CAP,A,1986,16401.79791,E
SWE,GDP,TOT,USD_CAP,A,1987,17326.41949,E
SWE,GDP,TOT,USD_CAP,A,1988,18309.0667,E
SWE,GDP,TOT,USD_CAP,A,1989,19394.84939,E
SWE,GDP,TOT,USD_CAP,A,1990,20107.8177,E
SWE,GDP,TOT,USD_CAP,A,1991,20400.76298,E
SWE,GDP,TOT,USD_CAP,A,1992,20502.71296,E
SWE,GDP,TOT,USD_CAP,A,1993,20437.40483,
SWE,GDP,TOT,USD_CAP,A,1994,21571.86813,
SWE,GDP,TOT,USD_CAP,A,1995,22788.11124,
SWE,GDP,TOT,USD_CAP,A,1996,23600.15959,
SWE,GDP,TOT,USD_CAP,A,1997,24452.5401,
SWE,GDP,TOT,USD_CAP,A,1998,25483.33506,
SWE,GDP,TOT,USD_CAP,A,1999,27148.29607,
SWE,GDP,TOT,USD_CAP,A,2000,29275.86927,
SWE,GDP,TOT,USD_CAP,A,2001,29658.51385,
SWE,GDP,TOT,USD_CAP,A,2002,30587.6195,
SWE,GDP,TOT,USD_CAP,A,2003,31470.71001,
SWE,GDP,TOT,USD_CAP,A,2004,33540.13481,
SWE,GDP,TOT,USD_CAP,A,2005,33967.08265,
SWE,GDP,TOT,USD_CAP,A,2006,37423.17798,
SWE,GDP,TOT,USD_CAP,A,2007,40572.72356,
SWE,GDP,TOT,USD_CAP,A,2008,41853.86487,
SWE,GDP,TOT,USD_CAP,A,2009,39645.72089,
SWE,GDP,TOT,USD_CAP,A,2010,41628.08825,
SWE,GDP,TOT,USD_CAP,A,2011,43755.12286,
SWE,GDP,TOT,USD_CAP,A,2012,44724.85125,
SWE,GDP,TOT,USD_CAP,A,2013,45673.0733,
SWE,GDP,TOT,USD_CAP,A,2014,46524.23047,
SWE,GDP,TOT,USD_CAP,A,2015,47891.20938,
SWE,GDP,TOT,USD_CAP,A,2016,48853.27978,
SWE,GDP,TOT,USD_CAP,A,2017,50090.28202,
CHE,GDP,TOT,USD_CAP,A,1970,7159.603813,E
CHE,GDP,TOT,USD_CAP,A,1971,7735.577477,E
CHE,GDP,TOT,USD_CAP,A,1972,8253.201529,E
CHE,GDP,TOT,USD_CAP,A,1973,8912.383062,E
CHE,GDP,TOT,USD_CAP,A,1974,9825.548611,E
CHE,GDP,TOT,USD_CAP,A,1975,10041.42528,E
CHE,GDP,TOT,USD_CAP,A,1976,10559.68341,E
CHE,GDP,TOT,USD_CAP,A,1977,11518.33977,E
CHE,GDP,TOT,USD_CAP,A,1978,12345.9472,E
CHE,GDP,TOT,USD_CAP,A,1979,13658.80084,E
CHE,GDP,TOT,USD_CAP,A,1980,15492.00056,
CHE,GDP,TOT,USD_CAP,A,1981,17091.99557,
CHE,GDP,TOT,USD_CAP,A,1982,17809.19511,
CHE,GDP,TOT,USD_CAP,A,1983,18588.31586,
CHE,GDP,TOT,USD_CAP,A,1984,19756.30869,
CHE,GDP,TOT,USD_CAP,A,1985,21046.27384,
CHE,GDP,TOT,USD_CAP,A,1986,21738.14064,
CHE,GDP,TOT,USD_CAP,A,1987,22488.57164,
CHE,GDP,TOT,USD_CAP,A,1988,23849.51048,
CHE,GDP,TOT,USD_CAP,A,1989,25651.77718,
CHE,GDP,TOT,USD_CAP,A,1990,27280.96853,
CHE,GDP,TOT,USD_CAP,A,1991,27590.62288,
CHE,GDP,TOT,USD_CAP,A,1992,27951.24971,
CHE,GDP,TOT,USD_CAP,A,1993,28393.08804,
CHE,GDP,TOT,USD_CAP,A,1994,29165.24248,
CHE,GDP,TOT,USD_CAP,A,1995,29669.55856,
CHE,GDP,TOT,USD_CAP,A,1996,30284.0041,
CHE,GDP,TOT,USD_CAP,A,1997,31524.39034,
CHE,GDP,TOT,USD_CAP,A,1998,32613.25804,
CHE,GDP,TOT,USD_CAP,A,1999,33505.30114,
CHE,GDP,TOT,USD_CAP,A,2000,35428.54943,
CHE,GDP,TOT,USD_CAP,A,2001,36552.82199,
CHE,GDP,TOT,USD_CAP,A,2002,37466.38184,
CHE,GDP,TOT,USD_CAP,A,2003,37460.72438,
CHE,GDP,TOT,USD_CAP,A,2004,38927.08967,
CHE,GDP,TOT,USD_CAP,A,2005,40326.87635,
CHE,GDP,TOT,USD_CAP,A,2006,44865.23766,
CHE,GDP,TOT,USD_CAP,A,2007,49491.6747,
CHE,GDP,TOT,USD_CAP,A,2008,52362.64918,
CHE,GDP,TOT,USD_CAP,A,2009,51555.31268,
CHE,GDP,TOT,USD_CAP,A,2010,52911.37474,
CHE,GDP,TOT,USD_CAP,A,2011,56183.81787,
CHE,GDP,TOT,USD_CAP,A,2012,57849.60172,
CHE,GDP,TOT,USD_CAP,A,2013,60108.54053,
CHE,GDP,TOT,USD_CAP,A,2014,61902.16174,
CHE,GDP,TOT,USD_CAP,A,2015,63648.30306,
CHE,GDP,TOT,USD_CAP,A,2016,63888.70868,P
TUR,GDP,TOT,USD_CAP,A,1970,1780.613673,E
TUR,GDP,TOT,USD_CAP,A,1971,1926.446884,E
TUR,GDP,TOT,USD_CAP,A,1972,2105.774708,E
TUR,GDP,TOT,USD_CAP,A,1973,2236.188561,E
TUR,GDP,TOT,USD_CAP,A,1974,2509.847585,E
TUR,GDP,TOT,USD_CAP,A,1975,2862.595057,E
TUR,GDP,TOT,USD_CAP,A,1976,3267.437616,E
TUR,GDP,TOT,USD_CAP,A,1977,3515.000777,E
TUR,GDP,TOT,USD_CAP,A,1978,3740.285725,E
TUR,GDP,TOT,USD_CAP,A,1979,3941.530979,E
TUR,GDP,TOT,USD_CAP,A,1980,4106.244644,E
TUR,GDP,TOT,USD_CAP,A,1981,4593.677642,E
TUR,GDP,TOT,USD_CAP,A,1982,4928.244912,E
TUR,GDP,TOT,USD_CAP,A,1983,5245.267683,E
TUR,GDP,TOT,USD_CAP,A,1984,5653.478509,E
TUR,GDP,TOT,USD_CAP,A,1985,5932.38786,E
TUR,GDP,TOT,USD_CAP,A,1986,6328.958353,E
TUR,GDP,TOT,USD_CAP,A,1987,6985.240006,E
TUR,GDP,TOT,USD_CAP,A,1988,7258.6362,E
TUR,GDP,TOT,USD_CAP,A,1989,7430.925357,E
TUR,GDP,TOT,USD_CAP,A,1990,8277.254801,E
TUR,GDP,TOT,USD_CAP,A,1991,8488.02612,E
TUR,GDP,TOT,USD_CAP,A,1992,9050.722859,E
TUR,GDP,TOT,USD_CAP,A,1993,9850.994904,E
TUR,GDP,TOT,USD_CAP,A,1994,9362.385823,E
TUR,GDP,TOT,USD_CAP,A,1995,10087.40699,E
TUR,GDP,TOT,USD_CAP,A,1996,10807.95937,E
TUR,GDP,TOT,USD_CAP,A,1997,11635.95646,E
TUR,GDP,TOT,USD_CAP,A,1998,8923.511862,
TUR,GDP,TOT,USD_CAP,A,1999,8608.417262,
TUR,GDP,TOT,USD_CAP,A,2000,9431.352032,
TUR,GDP,TOT,USD_CAP,A,2001,9089.597607,
TUR,GDP,TOT,USD_CAP,A,2002,9207.886408,
TUR,GDP,TOT,USD_CAP,A,2003,9490.692786,
TUR,GDP,TOT,USD_CAP,A,2004,10749.72093,
TUR,GDP,TOT,USD_CAP,A,2005,11772.98891,
TUR,GDP,TOT,USD_CAP,A,2006,13497.95142,
TUR,GDP,TOT,USD_CAP,A,2007,14712.88468,
TUR,GDP,TOT,USD_CAP,A,2008,15901.07695,
TUR,GDP,TOT,USD_CAP,A,2009,15330.48081,
TUR,GDP,TOT,USD_CAP,A,2010,17281.32703,
TUR,GDP,TOT,USD_CAP,A,2011,19517.18146,
TUR,GDP,TOT,USD_CAP,A,2012,20549.29308,E
TUR,GDP,TOT,USD_CAP,A,2013,22314.40367,E
TUR,GDP,TOT,USD_CAP,A,2014,24158.80637,E
TUR,GDP,TOT,USD_CAP,A,2015,25111.77646,E
TUR,GDP,TOT,USD_CAP,A,2016,25655.47178,E
GBR,GDP,TOT,USD_CAP,A,1960,2186.298678,
GBR,GDP,TOT,USD_CAP,A,1961,2248.226997,
GBR,GDP,TOT,USD_CAP,A,1962,2296.179887,
GBR,GDP,TOT,USD_CAP,A,1963,2419.069763,
GBR,GDP,TOT,USD_CAP,A,1964,2563.492244,
GBR,GDP,TOT,USD_CAP,A,1965,2694.142395,
GBR,GDP,TOT,USD_CAP,A,1966,2834.567525,
GBR,GDP,TOT,USD_CAP,A,1967,2976.523362,
GBR,GDP,TOT,USD_CAP,A,1968,3268.199673,
GBR,GDP,TOT,USD_CAP,A,1969,3507.172729,
GBR,GDP,TOT,USD_CAP,A,1970,3613.939033,
GBR,GDP,TOT,USD_CAP,A,1971,3908.962621,
GBR,GDP,TOT,USD_CAP,A,1972,4240.817118,
GBR,GDP,TOT,USD_CAP,A,1973,4751.97484,
GBR,GDP,TOT,USD_CAP,A,1974,5050.103789,
GBR,GDP,TOT,USD_CAP,A,1975,5437.170274,
GBR,GDP,TOT,USD_CAP,A,1976,5903.572983,
GBR,GDP,TOT,USD_CAP,A,1977,6425.918064,
GBR,GDP,TOT,USD_CAP,A,1978,7167.595397,
GBR,GDP,TOT,USD_CAP,A,1979,8040.782944,
GBR,GDP,TOT,USD_CAP,A,1980,8574.469157,
GBR,GDP,TOT,USD_CAP,A,1981,9298.100287,
GBR,GDP,TOT,USD_CAP,A,1982,10085.46151,
GBR,GDP,TOT,USD_CAP,A,1983,10921.43412,
GBR,GDP,TOT,USD_CAP,A,1984,11547.30176,
GBR,GDP,TOT,USD_CAP,A,1985,12384.88247,
GBR,GDP,TOT,USD_CAP,A,1986,12999.62598,
GBR,GDP,TOT,USD_CAP,A,1987,14009.06022,
GBR,GDP,TOT,USD_CAP,A,1988,15302.70909,
GBR,GDP,TOT,USD_CAP,A,1989,16260.16153,
GBR,GDP,TOT,USD_CAP,A,1990,16937.26821,
GBR,GDP,TOT,USD_CAP,A,1991,17250.29412,
GBR,GDP,TOT,USD_CAP,A,1992,17664.60557,
GBR,GDP,TOT,USD_CAP,A,1993,18500.4403,
GBR,GDP,TOT,USD_CAP,A,1994,19577.05194,
GBR,GDP,TOT,USD_CAP,A,1995,20421.42329,
GBR,GDP,TOT,USD_CAP,A,1996,21746.69948,
GBR,GDP,TOT,USD_CAP,A,1997,22933.07821,
GBR,GDP,TOT,USD_CAP,A,1998,23455.68658,
GBR,GDP,TOT,USD_CAP,A,1999,24170.61349,
GBR,GDP,TOT,USD_CAP,A,2000,26248.77627,
GBR,GDP,TOT,USD_CAP,A,2001,27465.70144,
GBR,GDP,TOT,USD_CAP,A,2002,28809.08024,
GBR,GDP,TOT,USD_CAP,A,2003,30049.30825,
GBR,GDP,TOT,USD_CAP,A,2004,31753.01663,
GBR,GDP,TOT,USD_CAP,A,2005,32430.54643,
GBR,GDP,TOT,USD_CAP,A,2006,34511.94412,
GBR,GDP,TOT,USD_CAP,A,2007,35291.37995,
GBR,GDP,TOT,USD_CAP,A,2008,36247.53199,
GBR,GDP,TOT,USD_CAP,A,2009,34598.58384,
GBR,GDP,TOT,USD_CAP,A,2010,35879.65571,
GBR,GDP,TOT,USD_CAP,A,2011,36592.89182,
GBR,GDP,TOT,USD_CAP,A,2012,37702.82105,
GBR,GDP,TOT,USD_CAP,A,2013,39321.76439,
GBR,GDP,TOT,USD_CAP,A,2014,40717.41325,
GBR,GDP,TOT,USD_CAP,A,2015,41591.88688,
GBR,GDP,TOT,USD_CAP,A,2016,42622.16884,
GBR,GDP,TOT,USD_CAP,A,2017,43880.64523,
USA,GDP,TOT,USD_CAP,A,1970,5245.93713,
USA,GDP,TOT,USD_CAP,A,1971,5622.604626,
USA,GDP,TOT,USD_CAP,A,1972,6109.110916,
USA,GDP,TOT,USD_CAP,A,1973,6740.378128,
USA,GDP,TOT,USD_CAP,A,1974,7240.951295,
USA,GDP,TOT,USD_CAP,A,1975,7819.775814,
USA,GDP,TOT,USD_CAP,A,1976,8609.38804,
USA,GDP,TOT,USD_CAP,A,1977,9469.156426,
USA,GDP,TOT,USD_CAP,A,1978,10585.1933,
USA,GDP,TOT,USD_CAP,A,1979,11692.90468,
USA,GDP,TOT,USD_CAP,A,1980,12569.95249,
USA,GDP,TOT,USD_CAP,A,1981,13960.19269,
USA,GDP,TOT,USD_CAP,A,1982,14404.52937,
USA,GDP,TOT,USD_CAP,A,1983,15525.50004,
USA,GDP,TOT,USD_CAP,A,1984,17093.04382,
USA,GDP,TOT,USD_CAP,A,1985,18224.8413,
USA,GDP,TOT,USD_CAP,A,1986,19071.37189,
USA,GDP,TOT,USD_CAP,A,1987,20055.00262,
USA,GDP,TOT,USD_CAP,A,1988,21433.96542,
USA,GDP,TOT,USD_CAP,A,1989,22869.80723,
USA,GDP,TOT,USD_CAP,A,1990,23901.05164,
USA,GDP,TOT,USD_CAP,A,1991,24352.31728,
USA,GDP,TOT,USD_CAP,A,1992,25452.46806,
USA,GDP,TOT,USD_CAP,A,1993,26427.94354,
USA,GDP,TOT,USD_CAP,A,1994,27741.94834,
USA,GDP,TOT,USD_CAP,A,1995,28748.70587,
USA,GDP,TOT,USD_CAP,A,1996,30032.55671,
USA,GDP,TOT,USD_CAP,A,1997,31537.87396,
USA,GDP,TOT,USD_CAP,A,1998,32913.40339,
USA,GDP,TOT,USD_CAP,A,1999,34585.23313,
USA,GDP,TOT,USD_CAP,A,2000,36419.44702,
USA,GDP,TOT,USD_CAP,A,2001,37240.15777,
USA,GDP,TOT,USD_CAP,A,2002,38122.32467,
USA,GDP,TOT,USD_CAP,A,2003,39606.47017,
USA,GDP,TOT,USD_CAP,A,2004,41856.5242,
USA,GDP,TOT,USD_CAP,A,2005,44236.60695,
USA,GDP,TOT,USD_CAP,A,2006,46368.98714,
USA,GDP,TOT,USD_CAP,A,2007,47987.49403,
USA,GDP,TOT,USD_CAP,A,2008,48330.06177,
USA,GDP,TOT,USD_CAP,A,2009,46929.88869,
USA,GDP,TOT,USD_CAP,A,2010,48303.17526,
USA,GDP,TOT,USD_CAP,A,2011,49718.77583,
USA,GDP,TOT,USD_CAP,A,2012,51388.15753,
USA,GDP,TOT,USD_CAP,A,2013,52726.31559,
USA,GDP,TOT,USD_CAP,A,2014,54651.3624,
USA,GDP,TOT,USD_CAP,A,2015,56420.41517,
USA,GDP,TOT,USD_CAP,A,2016,57591.19765,
CHL,GDP,TOT,USD_CAP,A,1986,3367.59832,E
CHL,GDP,TOT,USD_CAP,A,1987,3618.003981,E
CHL,GDP,TOT,USD_CAP,A,1988,3950.577178,E
CHL,GDP,TOT,USD_CAP,A,1989,4462.218044,E
CHL,GDP,TOT,USD_CAP,A,1990,4719.980303,E
CHL,GDP,TOT,USD_CAP,A,1991,5170.360006,E
CHL,GDP,TOT,USD_CAP,A,1992,5831.826785,E
CHL,GDP,TOT,USD_CAP,A,1993,6275.993345,E
CHL,GDP,TOT,USD_CAP,A,1994,6658.966111,E
CHL,GDP,TOT,USD_CAP,A,1995,7393.226604,E
CHL,GDP,TOT,USD_CAP,A,1996,7975.179245,
CHL,GDP,TOT,USD_CAP,A,1997,8596.073482,
CHL,GDP,TOT,USD_CAP,A,1998,8943.900341,
CHL,GDP,TOT,USD_CAP,A,1999,8923.99909,
CHL,GDP,TOT,USD_CAP,A,2000,9488.037995,
CHL,GDP,TOT,USD_CAP,A,2001,9912.846258,
CHL,GDP,TOT,USD_CAP,A,2002,10263.12009,
CHL,GDP,TOT,USD_CAP,A,2003,10776.99148,
CHL,GDP,TOT,USD_CAP,A,2004,11745.80984,
CHL,GDP,TOT,USD_CAP,A,2005,12667.85359,
CHL,GDP,TOT,USD_CAP,A,2006,15671.6589,
CHL,GDP,TOT,USD_CAP,A,2007,16862.70234,
CHL,GDP,TOT,USD_CAP,A,2008,16450.94122,
CHL,GDP,TOT,USD_CAP,A,2009,16131.93981,
CHL,GDP,TOT,USD_CAP,A,2010,18158.51453,
CHL,GDP,TOT,USD_CAP,A,2011,20302.78871,
CHL,GDP,TOT,USD_CAP,A,2012,21446.53762,
CHL,GDP,TOT,USD_CAP,A,2013,22352.53073,
CHL,GDP,TOT,USD_CAP,A,2014,22727.00242,
CHL,GDP,TOT,USD_CAP,A,2015,22293.50513,
CHL,GDP,TOT,USD_CAP,A,2016,22726.6862,E
CHN,GDP,TOT,USD_CAP,A,1980,310.887532,
CHN,GDP,TOT,USD_CAP,A,1981,349.807004,
CHN,GDP,TOT,USD_CAP,A,1982,396.543201,
CHN,GDP,TOT,USD_CAP,A,1983,450.663023,
CHN,GDP,TOT,USD_CAP,A,1984,530.792693,
CHN,GDP,TOT,USD_CAP,A,1985,613.123976,
CHN,GDP,TOT,USD_CAP,A,1986,670.716058,
CHN,GDP,TOT,USD_CAP,A,1987,755.165537,
CHN,GDP,TOT,USD_CAP,A,1988,856.156818,
CHN,GDP,TOT,USD_CAP,A,1989,912.768798,
CHN,GDP,TOT,USD_CAP,A,1990,979.538645,
CHN,GDP,TOT,USD_CAP,A,1991,1091.984437,
CHN,GDP,TOT,USD_CAP,A,1992,1260.977649,
CHN,GDP,TOT,USD_CAP,A,1993,1453.3119,
CHN,GDP,TOT,USD_CAP,A,1994,1659.299877,
CHN,GDP,TOT,USD_CAP,A,1995,1859.657394,
CHN,GDP,TOT,USD_CAP,A,1996,2060.045593,
CHN,GDP,TOT,USD_CAP,A,1997,2265.815295,
CHN,GDP,TOT,USD_CAP,A,1998,2447.447551,
CHN,GDP,TOT,USD_CAP,A,1999,2653.628503,
CHN,GDP,TOT,USD_CAP,A,2000,2922.241876,
CHN,GDP,TOT,USD_CAP,A,2001,3215.673982,
CHN,GDP,TOT,USD_CAP,A,2002,3540.245226,
CHN,GDP,TOT,USD_CAP,A,2003,3949.412082,
CHN,GDP,TOT,USD_CAP,A,2004,4442.162984,
CHN,GDP,TOT,USD_CAP,A,2005,5077.604522,
CHN,GDP,TOT,USD_CAP,A,2006,5868.23174,
CHN,GDP,TOT,USD_CAP,A,2007,6846.292802,
CHN,GDP,TOT,USD_CAP,A,2008,7615.72822,
CHN,GDP,TOT,USD_CAP,A,2009,8354.100051,
CHN,GDP,TOT,USD_CAP,A,2010,9310.817374,
CHN,GDP,TOT,USD_CAP,A,2011,10359.54933,
CHN,GDP,TOT,USD_CAP,A,2012,11323.02198,
CHN,GDP,TOT,USD_CAP,A,2013,12337.60788,
CHN,GDP,TOT,USD_CAP,A,2014,13405.02714,
CHN,GDP,TOT,USD_CAP,A,2015,14338.35412,
COL,GDP,TOT,USD_CAP,A,2000,6603.048676,
COL,GDP,TOT,USD_CAP,A,2001,6779.693554,
COL,GDP,TOT,USD_CAP,A,2002,6968.16344,
COL,GDP,TOT,USD_CAP,A,2003,7293.794062,
COL,GDP,TOT,USD_CAP,A,2004,7797.230571,
COL,GDP,TOT,USD_CAP,A,2005,8324.714657,
COL,GDP,TOT,USD_CAP,A,2006,9046.028501,
COL,GDP,TOT,USD_CAP,A,2007,9809.877945,
COL,GDP,TOT,USD_CAP,A,2008,10234.92987,
COL,GDP,TOT,USD_CAP,A,2009,10359.99139,
COL,GDP,TOT,USD_CAP,A,2010,10775.87116,
COL,GDP,TOT,USD_CAP,A,2011,11586.87358,
COL,GDP,TOT,USD_CAP,A,2012,12135.91279,
COL,GDP,TOT,USD_CAP,A,2013,12784.96564,E
COL,GDP,TOT,USD_CAP,A,2014,13431.51762,
COL,GDP,TOT,USD_CAP,A,2015,13833.17562,
COL,GDP,TOT,USD_CAP,A,2016,14129.58566,E
EST,GDP,TOT,USD_CAP,A,1993,5572.512773,E
EST,GDP,TOT,USD_CAP,A,1994,5727.623558,E
EST,GDP,TOT,USD_CAP,A,1995,6233.73568,
EST,GDP,TOT,USD_CAP,A,1996,6778.023327,
EST,GDP,TOT,USD_CAP,A,1997,7802.404007,
EST,GDP,TOT,USD_CAP,A,1998,8317.105156,
EST,GDP,TOT,USD_CAP,A,1999,8435.213415,
EST,GDP,TOT,USD_CAP,A,2000,9390.760261,
EST,GDP,TOT,USD_CAP,A,2001,10277.40453,
EST,GDP,TOT,USD_CAP,A,2002,11555.84553,
EST,GDP,TOT,USD_CAP,A,2003,13021.2369,
EST,GDP,TOT,USD_CAP,A,2004,14384.99362,
EST,GDP,TOT,USD_CAP,A,2005,16466.02273,
EST,GDP,TOT,USD_CAP,A,2006,19205.01419,
EST,GDP,TOT,USD_CAP,A,2007,21924.19503,
EST,GDP,TOT,USD_CAP,A,2008,22641.84013,
EST,GDP,TOT,USD_CAP,A,2009,20480.50705,
EST,GDP,TOT,USD_CAP,A,2010,21573.17775,
EST,GDP,TOT,USD_CAP,A,2011,24501.34442,
EST,GDP,TOT,USD_CAP,A,2012,25973.31691,
EST,GDP,TOT,USD_CAP,A,2013,27449.85271,
EST,GDP,TOT,USD_CAP,A,2014,28511.18553,
EST,GDP,TOT,USD_CAP,A,2015,28734.99,
EST,GDP,TOT,USD_CAP,A,2016,29740.8394,
EST,GDP,TOT,USD_CAP,A,2017,31634.79901,
IND,GDP,TOT,USD_CAP,A,2004,2718.693189,
IND,GDP,TOT,USD_CAP,A,2005,3018.860861,
IND,GDP,TOT,USD_CAP,A,2006,3351.377915,
IND,GDP,TOT,USD_CAP,A,2007,3725.078479,
IND,GDP,TOT,USD_CAP,A,2008,3858.949899,
IND,GDP,TOT,USD_CAP,A,2009,4242.564793,
IDN,GDP,TOT,USD_CAP,A,1993,4523.269249,E
IDN,GDP,TOT,USD_CAP,A,1994,4888.212072,E
IDN,GDP,TOT,USD_CAP,A,1995,5315.570473,E
IDN,GDP,TOT,USD_CAP,A,1996,5746.409998,E
IDN,GDP,TOT,USD_CAP,A,1997,6027.274838,E
IDN,GDP,TOT,USD_CAP,A,1998,5214.195628,E
IDN,GDP,TOT,USD_CAP,A,1999,5257.571918,E
IDN,GDP,TOT,USD_CAP,A,2000,5192.637844,E
IDN,GDP,TOT,USD_CAP,A,2001,5428.708668,E
IDN,GDP,TOT,USD_CAP,A,2002,5680.772353,E
IDN,GDP,TOT,USD_CAP,A,2003,5987.474248,E
IDN,GDP,TOT,USD_CAP,A,2004,6372.662348,E
IDN,GDP,TOT,USD_CAP,A,2005,6856.464422,E
IDN,GDP,TOT,USD_CAP,A,2006,7358.969249,E
IDN,GDP,TOT,USD_CAP,A,2007,7931.092062,E
IDN,GDP,TOT,USD_CAP,A,2008,8464.897746,
IDN,GDP,TOT,USD_CAP,A,2009,8637.561392,
IDN,GDP,TOT,USD_CAP,A,2010,8432.687957,
IDN,GDP,TOT,USD_CAP,A,2011,8973.551846,E
IDN,GDP,TOT,USD_CAP,A,2012,9554.344552,E
IDN,GDP,TOT,USD_CAP,A,2013,10108.43398,E
IDN,GDP,TOT,USD_CAP,A,2014,10661.15755,E
IDN,GDP,TOT,USD_CAP,A,2015,11150.25804,E
ISR,GDP,TOT,USD_CAP,A,1995,19743.64788,
ISR,GDP,TOT,USD_CAP,A,1996,20778.37917,
ISR,GDP,TOT,USD_CAP,A,1997,21436.64355,
ISR,GDP,TOT,USD_CAP,A,1998,22025.57061,
ISR,GDP,TOT,USD_CAP,A,1999,22556.21774,
ISR,GDP,TOT,USD_CAP,A,2000,24876.87686,
ISR,GDP,TOT,USD_CAP,A,2001,24864.26353,
ISR,GDP,TOT,USD_CAP,A,2002,25133.57057,
ISR,GDP,TOT,USD_CAP,A,2003,23713.33919,
ISR,GDP,TOT,USD_CAP,A,2004,25126.25052,
ISR,GDP,TOT,USD_CAP,A,2005,24709.14894,
ISR,GDP,TOT,USD_CAP,A,2006,25550.38775,
ISR,GDP,TOT,USD_CAP,A,2007,27349.88395,
ISR,GDP,TOT,USD_CAP,A,2008,27241.81712,
ISR,GDP,TOT,USD_CAP,A,2009,27511.41896,
ISR,GDP,TOT,USD_CAP,A,2010,28838.90524,
ISR,GDP,TOT,USD_CAP,A,2011,30569.05603,
ISR,GDP,TOT,USD_CAP,A,2012,31721.32376,
ISR,GDP,TOT,USD_CAP,A,2013,34143.74276,
ISR,GDP,TOT,USD_CAP,A,2014,34101.48645,
ISR,GDP,TOT,USD_CAP,A,2015,35901.77572,
ISR,GDP,TOT,USD_CAP,A,2016,37269.56584,
RUS,GDP,TOT,USD_CAP,A,1995,6038.113714,E
RUS,GDP,TOT,USD_CAP,A,1996,5935.153042,E
RUS,GDP,TOT,USD_CAP,A,1997,6130.234162,E
RUS,GDP,TOT,USD_CAP,A,1998,5875.269794,E
RUS,GDP,TOT,USD_CAP,A,1999,6363.68558,E
RUS,GDP,TOT,USD_CAP,A,2000,7344.02361,E
RUS,GDP,TOT,USD_CAP,A,2001,7927.348702,E
RUS,GDP,TOT,USD_CAP,A,2002,8648.175283,E
RUS,GDP,TOT,USD_CAP,A,2003,9967.044486,E
RUS,GDP,TOT,USD_CAP,A,2004,11020.29479,E
RUS,GDP,TOT,USD_CAP,A,2005,12733.90161,E
RUS,GDP,TOT,USD_CAP,A,2006,16066.27947,E
RUS,GDP,TOT,USD_CAP,A,2007,17932.27034,E
RUS,GDP,TOT,USD_CAP,A,2008,21718.30504,E
RUS,GDP,TOT,USD_CAP,A,2009,20881.38975,E
RUS,GDP,TOT,USD_CAP,A,2010,22078.42479,E
RUS,GDP,TOT,USD_CAP,A,2011,24310.03883,
RUS,GDP,TOT,USD_CAP,A,2012,25820.93213,E
RUS,GDP,TOT,USD_CAP,A,2013,26278.16343,E
RUS,GDP,TOT,USD_CAP,A,2014,26226.66985,E
RUS,GDP,TOT,USD_CAP,A,2015,24709.7241,E
RUS,GDP,TOT,USD_CAP,A,2016,24855.07982,E
SVN,GDP,TOT,USD_CAP,A,1995,13563.21512,
SVN,GDP,TOT,USD_CAP,A,1996,14260.01214,
SVN,GDP,TOT,USD_CAP,A,1997,15261.01839,
SVN,GDP,TOT,USD_CAP,A,1998,16021.79556,
SVN,GDP,TOT,USD_CAP,A,1999,17061.43655,
SVN,GDP,TOT,USD_CAP,A,2000,18043.18127,
SVN,GDP,TOT,USD_CAP,A,2001,18972.10764,
SVN,GDP,TOT,USD_CAP,A,2002,20299.93324,
SVN,GDP,TOT,USD_CAP,A,2003,21126.39378,
SVN,GDP,TOT,USD_CAP,A,2004,22782.05911,
SVN,GDP,TOT,USD_CAP,A,2005,23941.23464,
SVN,GDP,TOT,USD_CAP,A,2006,25753.91817,
SVN,GDP,TOT,USD_CAP,A,2007,27590.77917,
SVN,GDP,TOT,USD_CAP,A,2008,29614.5876,B
SVN,GDP,TOT,USD_CAP,A,2009,27444.2593,
SVN,GDP,TOT,USD_CAP,A,2010,27763.19199,
SVN,GDP,TOT,USD_CAP,A,2011,28804.7273,
SVN,GDP,TOT,USD_CAP,A,2012,28906.32874,
SVN,GDP,TOT,USD_CAP,A,2013,29802.65341,
SVN,GDP,TOT,USD_CAP,A,2014,30856.80321,
SVN,GDP,TOT,USD_CAP,A,2015,31471.87859,
SVN,GDP,TOT,USD_CAP,A,2016,32729.60643,
SVN,GDP,TOT,USD_CAP,A,2017,34819.43925,
ZAF,GDP,TOT,USD_CAP,A,1985,5699.29117,
ZAF,GDP,TOT,USD_CAP,A,1986,5683.360554,
ZAF,GDP,TOT,USD_CAP,A,1987,5820.282739,
ZAF,GDP,TOT,USD_CAP,A,1988,6132.482625,
ZAF,GDP,TOT,USD_CAP,A,1989,6438.971288,
ZAF,GDP,TOT,USD_CAP,A,1990,6512.330053,
ZAF,GDP,TOT,USD_CAP,A,1991,6517.468592,
ZAF,GDP,TOT,USD_CAP,A,1992,6384.320641,
ZAF,GDP,TOT,USD_CAP,A,1993,6476.91592,
ZAF,GDP,TOT,USD_CAP,A,1994,6686.257214,
ZAF,GDP,TOT,USD_CAP,A,1995,6894.618589,
ZAF,GDP,TOT,USD_CAP,A,1996,7177.839188,
ZAF,GDP,TOT,USD_CAP,A,1997,7349.017943,
ZAF,GDP,TOT,USD_CAP,A,1998,7328.638322,
ZAF,GDP,TOT,USD_CAP,A,1999,7482.179519,
ZAF,GDP,TOT,USD_CAP,A,2000,7838.630241,
ZAF,GDP,TOT,USD_CAP,A,2001,8109.080743,
ZAF,GDP,TOT,USD_CAP,A,2002,8327.471599,
ZAF,GDP,TOT,USD_CAP,A,2003,8642.424381,
ZAF,GDP,TOT,USD_CAP,A,2004,9173.91446,
ZAF,GDP,TOT,USD_CAP,A,2005,9847.078636,
ZAF,GDP,TOT,USD_CAP,A,2006,10584.2845,
ZAF,GDP,TOT,USD_CAP,A,2007,11301.77886,
ZAF,GDP,TOT,USD_CAP,A,2008,11735.2578,
ZAF,GDP,TOT,USD_CAP,A,2009,11486.26907,
ZAF,GDP,TOT,USD_CAP,A,2010,11815.49575,
ZAF,GDP,TOT,USD_CAP,A,2011,12280.65252,
ZAF,GDP,TOT,USD_CAP,A,2012,12600.20276,
ZAF,GDP,TOT,USD_CAP,A,2013,12929.94116,
ZAF,GDP,TOT,USD_CAP,A,2014,13184.51672,
ZAF,GDP,TOT,USD_CAP,A,2015,13292.80738,
ZAF,GDP,TOT,USD_CAP,A,2016,13321.17416,
DEW,GDP,TOT,USD_CAP,A,1970,4562.672226,
DEW,GDP,TOT,USD_CAP,A,1971,4892.259126,
DEW,GDP,TOT,USD_CAP,A,1972,5291.97128,
DEW,GDP,TOT,USD_CAP,A,1973,5817.915555,
DEW,GDP,TOT,USD_CAP,A,1974,6389.028716,
DEW,GDP,TOT,USD_CAP,A,1975,6945.497442,
DEW,GDP,TOT,USD_CAP,A,1976,7726.674065,
DEW,GDP,TOT,USD_CAP,A,1977,8498.827583,
DEW,GDP,TOT,USD_CAP,A,1978,9380.302036,
DEW,GDP,TOT,USD_CAP,A,1979,10570.38782,
DEW,GDP,TOT,USD_CAP,A,1980,11646.91142,
DEW,GDP,TOT,USD_CAP,A,1981,12777.36095,
DEW,GDP,TOT,USD_CAP,A,1982,13526.33154,
DEW,GDP,TOT,USD_CAP,A,1983,14331.25622,
DEW,GDP,TOT,USD_CAP,A,1984,15320.73746,
DEW,GDP,TOT,USD_CAP,A,1985,16218.80661,
DEW,GDP,TOT,USD_CAP,A,1986,16912.75262,
DEW,GDP,TOT,USD_CAP,A,1987,17584.46441,
DEW,GDP,TOT,USD_CAP,A,1988,18760.25042,
DEW,GDP,TOT,USD_CAP,A,1989,20049.14509,
DEW,GDP,TOT,USD_CAP,A,1990,21471.47805,
DEW,GDP,TOT,USD_CAP,A,1991,23020.52001,
EU28,GDP,TOT,USD_CAP,A,1995,18059.37129,
EU28,GDP,TOT,USD_CAP,A,1996,18766.88718,
EU28,GDP,TOT,USD_CAP,A,1997,19584.94027,
EU28,GDP,TOT,USD_CAP,A,1998,20428.97351,
EU28,GDP,TOT,USD_CAP,A,1999,21223.27901,
EU28,GDP,TOT,USD_CAP,A,2000,22634.394,
EU28,GDP,TOT,USD_CAP,A,2001,23759.2377,
EU28,GDP,TOT,USD_CAP,A,2002,24814.01889,
EU28,GDP,TOT,USD_CAP,A,2003,25405.70561,
EU28,GDP,TOT,USD_CAP,A,2004,26647.9505,
EU28,GDP,TOT,USD_CAP,A,2005,27587.26949,
EU28,GDP,TOT,USD_CAP,A,2006,29846.86646,
EU28,GDP,TOT,USD_CAP,A,2007,31611.42717,
EU28,GDP,TOT,USD_CAP,A,2008,33033.50684,
EU28,GDP,TOT,USD_CAP,A,2009,32212.26316,
EU28,GDP,TOT,USD_CAP,A,2010,33318.36837,
EU28,GDP,TOT,USD_CAP,A,2011,34670.22579,
EU28,GDP,TOT,USD_CAP,A,2012,35214.02791,
EU28,GDP,TOT,USD_CAP,A,2013,36457.71197,
EU28,GDP,TOT,USD_CAP,A,2014,37494.95757,
EU28,GDP,TOT,USD_CAP,A,2015,38448.40957,
EU28,GDP,TOT,USD_CAP,A,2016,39620.83313,
EU28,GDP,TOT,USD_CAP,A,2017,40913.98078,
OECD,GDP,TOT,USD_CAP,A,1970,3578.458949,E
OECD,GDP,TOT,USD_CAP,A,1971,3853.989452,E
OECD,GDP,TOT,USD_CAP,A,1972,4193.35828,E
OECD,GDP,TOT,USD_CAP,A,1973,4640.553921,E
OECD,GDP,TOT,USD_CAP,A,1974,5060.61339,E
OECD,GDP,TOT,USD_CAP,A,1975,5496.37251,E
OECD,GDP,TOT,USD_CAP,A,1976,6024.298634,E
OECD,GDP,TOT,USD_CAP,A,1977,6569.874664,E
OECD,GDP,TOT,USD_CAP,A,1978,7278.574809,E
OECD,GDP,TOT,USD_CAP,A,1979,8109.14079,E
OECD,GDP,TOT,USD_CAP,A,1980,8864.161596,E
OECD,GDP,TOT,USD_CAP,A,1981,9820.810726,E
OECD,GDP,TOT,USD_CAP,A,1982,10352.87318,E
OECD,GDP,TOT,USD_CAP,A,1983,10997.34056,E
OECD,GDP,TOT,USD_CAP,A,1984,11835.18509,E
OECD,GDP,TOT,USD_CAP,A,1985,12580.4512,E
OECD,GDP,TOT,USD_CAP,A,1986,13116.80693,E
OECD,GDP,TOT,USD_CAP,A,1987,13845.88851,E
OECD,GDP,TOT,USD_CAP,A,1988,14873.10998,E
OECD,GDP,TOT,USD_CAP,A,1989,15899.00964,E
OECD,GDP,TOT,USD_CAP,A,1990,16846.98864,E
OECD,GDP,TOT,USD_CAP,A,1991,17513.46042,E
OECD,GDP,TOT,USD_CAP,A,1992,18164.63458,E
OECD,GDP,TOT,USD_CAP,A,1993,18758.40308,E
OECD,GDP,TOT,USD_CAP,A,1994,19599.31939,E
OECD,GDP,TOT,USD_CAP,A,1995,20373.95644,E
OECD,GDP,TOT,USD_CAP,A,1996,21261.08389,E
OECD,GDP,TOT,USD_CAP,A,1997,22260.42347,E
OECD,GDP,TOT,USD_CAP,A,1998,22854.94775,
OECD,GDP,TOT,USD_CAP,A,1999,23802.73691,
OECD,GDP,TOT,USD_CAP,A,2000,25283.37898,
OECD,GDP,TOT,USD_CAP,A,2001,26090.74851,
OECD,GDP,TOT,USD_CAP,A,2002,26903.26372,
OECD,GDP,TOT,USD_CAP,A,2003,27670.51523,
OECD,GDP,TOT,USD_CAP,A,2004,29152.5876,
OECD,GDP,TOT,USD_CAP,A,2005,30555.35073,
OECD,GDP,TOT,USD_CAP,A,2006,32559.70507,
OECD,GDP,TOT,USD_CAP,A,2007,34105.40577,
OECD,GDP,TOT,USD_CAP,A,2008,34941.71169,B
OECD,GDP,TOT,USD_CAP,A,2009,33970.76966,
OECD,GDP,TOT,USD_CAP,A,2010,35292.05279,
OECD,GDP,TOT,USD_CAP,A,2011,36656.41109,P
OECD,GDP,TOT,USD_CAP,A,2012,37617.15209,E
OECD,GDP,TOT,USD_CAP,A,2013,38935.99223,E
OECD,GDP,TOT,USD_CAP,A,2014,40090.40253,E
OECD,GDP,TOT,USD_CAP,A,2015,41110.86071,E
OECD,GDP,TOT,USD_CAP,A,2016,42162.45215,E
OECDE,GDP,TOT,USD_CAP,A,1995,18279.11824,E
OECDE,GDP,TOT,USD_CAP,A,1996,19014.78996,E
OECDE,GDP,TOT,USD_CAP,A,1997,19886.66323,E
OECDE,GDP,TOT,USD_CAP,A,1998,20329.38539,
OECDE,GDP,TOT,USD_CAP,A,1999,21050.23047,
OECDE,GDP,TOT,USD_CAP,A,2000,22489.70953,
OECDE,GDP,TOT,USD_CAP,A,2001,23430.47718,
OECDE,GDP,TOT,USD_CAP,A,2002,24332.88409,
OECDE,GDP,TOT,USD_CAP,A,2003,24840.29094,
OECDE,GDP,TOT,USD_CAP,A,2004,26093.4076,
OECDE,GDP,TOT,USD_CAP,A,2005,27069.93709,
OECDE,GDP,TOT,USD_CAP,A,2006,29334.09221,
OECDE,GDP,TOT,USD_CAP,A,2007,31028.38798,
OECDE,GDP,TOT,USD_CAP,A,2008,32389.34396,B
OECDE,GDP,TOT,USD_CAP,A,2009,31507.29631,
OECDE,GDP,TOT,USD_CAP,A,2010,32732.4475,
OECDE,GDP,TOT,USD_CAP,A,2011,34240.53744,P
OECDE,GDP,TOT,USD_CAP,A,2012,34851.06626,E
OECDE,GDP,TOT,USD_CAP,A,2013,36193.4285,E
OECDE,GDP,TOT,USD_CAP,A,2014,37332.39967,E
OECDE,GDP,TOT,USD_CAP,A,2015,38239.77566,E
OECDE,GDP,TOT,USD_CAP,A,2016,39247.72223,E
LVA,GDP,TOT,USD_CAP,A,1995,5507.941712,
LVA,GDP,TOT,USD_CAP,A,1996,5795.200626,
LVA,GDP,TOT,USD_CAP,A,1997,6481.587939,
LVA,GDP,TOT,USD_CAP,A,1998,7070.939422,
LVA,GDP,TOT,USD_CAP,A,1999,7405.207423,
LVA,GDP,TOT,USD_CAP,A,2000,8017.80095,
LVA,GDP,TOT,USD_CAP,A,2001,9040.596111,
LVA,GDP,TOT,USD_CAP,A,2002,10069.14336,
LVA,GDP,TOT,USD_CAP,A,2003,11025.2271,
LVA,GDP,TOT,USD_CAP,A,2004,12219.46824,
LVA,GDP,TOT,USD_CAP,A,2005,13847.87004,
LVA,GDP,TOT,USD_CAP,A,2006,15752.36296,
LVA,GDP,TOT,USD_CAP,A,2007,18120.39986,
LVA,GDP,TOT,USD_CAP,A,2008,19428.57188,
LVA,GDP,TOT,USD_CAP,A,2009,16866.29509,
LVA,GDP,TOT,USD_CAP,A,2010,17578.06198,
LVA,GDP,TOT,USD_CAP,A,2011,19781.82657,
LVA,GDP,TOT,USD_CAP,A,2012,21259.86652,
LVA,GDP,TOT,USD_CAP,A,2013,22674.54179,
LVA,GDP,TOT,USD_CAP,A,2014,23802.33547,
LVA,GDP,TOT,USD_CAP,A,2015,24512.71603,
LVA,GDP,TOT,USD_CAP,A,2016,25590.00885,
LVA,GDP,TOT,USD_CAP,A,2017,27634.92219,
BRA,GDP,TOT,USD_CAP,A,2000,9108.328031,
BRA,GDP,TOT,USD_CAP,A,2001,9314.514532,
BRA,GDP,TOT,USD_CAP,A,2002,9615.560042,
BRA,GDP,TOT,USD_CAP,A,2003,9790.531882,
BRA,GDP,TOT,USD_CAP,A,2004,10505.84539,
BRA,GDP,TOT,USD_CAP,A,2005,11055.7653,
BRA,GDP,TOT,USD_CAP,A,2006,11708.76545,
BRA,GDP,TOT,USD_CAP,A,2007,12606.81751,
BRA,GDP,TOT,USD_CAP,A,2008,13362.97108,
BRA,GDP,TOT,USD_CAP,A,2009,13307.7452,
BRA,GDP,TOT,USD_CAP,A,2010,14339.59216,
BRA,GDP,TOT,USD_CAP,A,2011,15070.92344,
BRA,GDP,TOT,USD_CAP,A,2012,15498.51212,
BRA,GDP,TOT,USD_CAP,A,2013,16077.58305,
BRA,GDP,TOT,USD_CAP,A,2014,16307.10051,
BRA,GDP,TOT,USD_CAP,A,2015,15730.82087,E
BRA,GDP,TOT,USD_CAP,A,2016,15243.19616,E
LTU,GDP,TOT,USD_CAP,A,1995,5923.628964,
LTU,GDP,TOT,USD_CAP,A,1996,6378.007398,
LTU,GDP,TOT,USD_CAP,A,1997,7066.586743,
LTU,GDP,TOT,USD_CAP,A,1998,7756.757435,
LTU,GDP,TOT,USD_CAP,A,1999,7821.726018,
LTU,GDP,TOT,USD_CAP,A,2000,8456.370584,
LTU,GDP,TOT,USD_CAP,A,2001,9459.469682,
LTU,GDP,TOT,USD_CAP,A,2002,10494.37076,
LTU,GDP,TOT,USD_CAP,A,2003,12066.86114,
LTU,GDP,TOT,USD_CAP,A,2004,13036.17267,
LTU,GDP,TOT,USD_CAP,A,2005,14526.18596,
LTU,GDP,TOT,USD_CAP,A,2006,16486.61572,
LTU,GDP,TOT,USD_CAP,A,2007,19092.2631,
LTU,GDP,TOT,USD_CAP,A,2008,20744.0075,
LTU,GDP,TOT,USD_CAP,A,2009,18142.64284,
LTU,GDP,TOT,USD_CAP,A,2010,20110.44735,
LTU,GDP,TOT,USD_CAP,A,2011,22854.27756,
LTU,GDP,TOT,USD_CAP,A,2012,24658.18918,
LTU,GDP,TOT,USD_CAP,A,2013,26660.59722,
LTU,GDP,TOT,USD_CAP,A,2014,28174.25433,
LTU,GDP,TOT,USD_CAP,A,2015,28783.5364,
LTU,GDP,TOT,USD_CAP,A,2016,29862.34456,
LTU,GDP,TOT,USD_CAP,A,2017,32053.59258,
SAU,GDP,TOT,USD_CAP,A,1990,27242.63784,
SAU,GDP,TOT,USD_CAP,A,1991,31352.46046,
SAU,GDP,TOT,USD_CAP,A,1992,32397.805,
SAU,GDP,TOT,USD_CAP,A,1993,31821.77284,
SAU,GDP,TOT,USD_CAP,A,1994,31870.76511,
SAU,GDP,TOT,USD_CAP,A,1995,31868.44842,
SAU,GDP,TOT,USD_CAP,A,1996,32629.69438,
SAU,GDP,TOT,USD_CAP,A,1997,32909.48739,
SAU,GDP,TOT,USD_CAP,A,1998,33546.93824,
SAU,GDP,TOT,USD_CAP,A,1999,32182.07168,
SAU,GDP,TOT,USD_CAP,A,2000,33946.35442,
SAU,GDP,TOT,USD_CAP,A,2001,33416.24687,
SAU,GDP,TOT,USD_CAP,A,2002,32083.19316,
SAU,GDP,TOT,USD_CAP,A,2003,35346.85789,
SAU,GDP,TOT,USD_CAP,A,2004,38293.23543,
SAU,GDP,TOT,USD_CAP,A,2005,40547.13446,
SAU,GDP,TOT,USD_CAP,A,2006,41782.54407,
SAU,GDP,TOT,USD_CAP,A,2007,42520.35501,
SAU,GDP,TOT,USD_CAP,A,2008,44841.92932,
SAU,GDP,TOT,USD_CAP,A,2009,43055.8107,
SAU,GDP,TOT,USD_CAP,A,2010,44384.82624,
SAU,GDP,TOT,USD_CAP,A,2011,48399.41165,
SAU,GDP,TOT,USD_CAP,A,2012,50434.6451,
SAU,GDP,TOT,USD_CAP,A,2013,51106.19932,
SAU,GDP,TOT,USD_CAP,A,2014,52626.01718,
SAU,GDP,TOT,USD_CAP,A,2015,54007.03246,
SAU,GDP,TOT,USD_CAP,A,2016,54430.79542,
EA19,GDP,TOT,USD_CAP,A,1995,20462.73894,
EA19,GDP,TOT,USD_CAP,A,1996,21108.5916,
EA19,GDP,TOT,USD_CAP,A,1997,21977.34941,
EA19,GDP,TOT,USD_CAP,A,1998,23006.67758,
EA19,GDP,TOT,USD_CAP,A,1999,23927.4456,
EA19,GDP,TOT,USD_CAP,A,2000,25419.96527,
EA19,GDP,TOT,USD_CAP,A,2001,26633.26455,
EA19,GDP,TOT,USD_CAP,A,2002,27659.83849,
EA19,GDP,TOT,USD_CAP,A,2003,28079.27326,
EA19,GDP,TOT,USD_CAP,A,2004,29208.13315,
EA19,GDP,TOT,USD_CAP,A,2005,30237.83606,
EA19,GDP,TOT,USD_CAP,A,2006,32664.65201,
EA19,GDP,TOT,USD_CAP,A,2007,34554.10857,
EA19,GDP,TOT,USD_CAP,A,2008,35889.2973,
EA19,GDP,TOT,USD_CAP,A,2009,34982.84393,
EA19,GDP,TOT,USD_CAP,A,2010,35988.17615,
EA19,GDP,TOT,USD_CAP,A,2011,37404.89741,
EA19,GDP,TOT,USD_CAP,A,2012,37758.59276,
EA19,GDP,TOT,USD_CAP,A,2013,38987.76679,
EA19,GDP,TOT,USD_CAP,A,2014,39964.50811,
EA19,GDP,TOT,USD_CAP,A,2015,40905.53604,
EA19,GDP,TOT,USD_CAP,A,2016,42138.26605,
EA19,GDP,TOT,USD_CAP,A,2017,43808.55356,
ARG,GDP,TOT,USD_CAP,A,2004,12562.78124,
ARG,GDP,TOT,USD_CAP,A,2005,13995.31846,
ARG,GDP,TOT,USD_CAP,A,2006,15450.12791,
ARG,GDP,TOT,USD_CAP,A,2007,17139.47639,
ARG,GDP,TOT,USD_CAP,A,2008,18026.72975,
ARG,GDP,TOT,USD_CAP,A,2009,16940.24217,
ARG,GDP,TOT,USD_CAP,A,2010,18719.37947,
ARG,GDP,TOT,USD_CAP,A,2011,20076.69125,
ARG,GDP,TOT,USD_CAP,A,2012,20060.22177,
ARG,GDP,TOT,USD_CAP,A,2013,20693.53917,
ARG,GDP,TOT,USD_CAP,A,2014,20359.44979,
ARG,GDP,TOT,USD_CAP,A,2015,20901.22355,
ARG,GDP,TOT,USD_CAP,A,2016,20452.58014,E
CRI,GDP,TOT,USD_CAP,A,1991,5336.343602,
CRI,GDP,TOT,USD_CAP,A,1992,5827.658048,
CRI,GDP,TOT,USD_CAP,A,1993,6250.047392,
CRI,GDP,TOT,USD_CAP,A,1994,6478.128395,
CRI,GDP,TOT,USD_CAP,A,1995,6690.088576,
CRI,GDP,TOT,USD_CAP,A,1996,6722.279692,
CRI,GDP,TOT,USD_CAP,A,1997,7033.950447,
CRI,GDP,TOT,USD_CAP,A,1998,7424.679541,
CRI,GDP,TOT,USD_CAP,A,1999,7649.647926,
CRI,GDP,TOT,USD_CAP,A,2000,7942.33039,
CRI,GDP,TOT,USD_CAP,A,2001,8229.90926,
CRI,GDP,TOT,USD_CAP,A,2002,8480.331804,
CRI,GDP,TOT,USD_CAP,A,2003,8888.359539,
CRI,GDP,TOT,USD_CAP,A,2004,9377.668722,
CRI,GDP,TOT,USD_CAP,A,2005,9895.269471,
CRI,GDP,TOT,USD_CAP,A,2006,10767.00136,
CRI,GDP,TOT,USD_CAP,A,2007,11792.03266,
CRI,GDP,TOT,USD_CAP,A,2008,12404.7956,
CRI,GDP,TOT,USD_CAP,A,2009,12191.18306,
CRI,GDP,TOT,USD_CAP,A,2010,12733.11504,B
CRI,GDP,TOT,USD_CAP,A,2011,13428.85808,
CRI,GDP,TOT,USD_CAP,A,2012,14144.64437,
CRI,GDP,TOT,USD_CAP,A,2013,14512.48218,
CRI,GDP,TOT,USD_CAP,A,2014,15095.59196,
CRI,GDP,TOT,USD_CAP,A,2015,15789.42715,
CRI,GDP,TOT,USD_CAP,A,2016,16381.3827,
BGR,GDP,TOT,USD_CAP,A,1995,5875.24485,
BGR,GDP,TOT,USD_CAP,A,1996,5623.30447,
BGR,GDP,TOT,USD_CAP,A,1997,5686.073025,
BGR,GDP,TOT,USD_CAP,A,1998,6008.416518,
BGR,GDP,TOT,USD_CAP,A,1999,5751.446588,
BGR,GDP,TOT,USD_CAP,A,2000,6376.836763,
BGR,GDP,TOT,USD_CAP,A,2001,6998.412871,
BGR,GDP,TOT,USD_CAP,A,2002,7695.258209,
BGR,GDP,TOT,USD_CAP,A,2003,8291.153533,
BGR,GDP,TOT,USD_CAP,A,2004,9050.712467,
BGR,GDP,TOT,USD_CAP,A,2005,10104.50171,
BGR,GDP,TOT,USD_CAP,A,2006,11170.92841,
BGR,GDP,TOT,USD_CAP,A,2007,12607.50489,
BGR,GDP,TOT,USD_CAP,A,2008,14082.96769,
BGR,GDP,TOT,USD_CAP,A,2009,13881.26749,
BGR,GDP,TOT,USD_CAP,A,2010,14673.49738,
BGR,GDP,TOT,USD_CAP,A,2011,15676.10668,
BGR,GDP,TOT,USD_CAP,A,2012,16208.33465,
BGR,GDP,TOT,USD_CAP,A,2013,16631.68203,
BGR,GDP,TOT,USD_CAP,A,2014,17508.82264,
BGR,GDP,TOT,USD_CAP,A,2015,18115.15299,
BGR,GDP,TOT,USD_CAP,A,2016,19242.64213,
HRV,GDP,TOT,USD_CAP,A,1995,8248.896481,P
HRV,GDP,TOT,USD_CAP,A,1996,9175.562899,P
HRV,GDP,TOT,USD_CAP,A,1997,10059.23601,P
HRV,GDP,TOT,USD_CAP,A,1998,10476.77391,P
HRV,GDP,TOT,USD_CAP,A,1999,10033.65009,P
HRV,GDP,TOT,USD_CAP,A,2000,10754.01996,P
HRV,GDP,TOT,USD_CAP,A,2001,11677.4858,P
HRV,GDP,TOT,USD_CAP,A,2002,12669.29313,P
HRV,GDP,TOT,USD_CAP,A,2003,13533.14151,P
HRV,GDP,TOT,USD_CAP,A,2004,14518.97063,P
HRV,GDP,TOT,USD_CAP,A,2005,15308.4521,P
HRV,GDP,TOT,USD_CAP,A,2006,17425.53228,P
HRV,GDP,TOT,USD_CAP,A,2007,19298.45332,P
HRV,GDP,TOT,USD_CAP,A,2008,20818.49701,
HRV,GDP,TOT,USD_CAP,A,2009,19997.17268,
HRV,GDP,TOT,USD_CAP,A,2010,19785.38313,
HRV,GDP,TOT,USD_CAP,A,2011,20721.69291,
HRV,GDP,TOT,USD_CAP,A,2012,21158.81208,
HRV,GDP,TOT,USD_CAP,A,2013,21771.03139,
HRV,GDP,TOT,USD_CAP,A,2014,22051.16532,
HRV,GDP,TOT,USD_CAP,A,2015,22735.0018,
HRV,GDP,TOT,USD_CAP,A,2016,23728.18755,
CYP,GDP,TOT,USD_CAP,A,1995,17068.91675,
CYP,GDP,TOT,USD_CAP,A,1996,17294.24656,
CYP,GDP,TOT,USD_CAP,A,1997,17771.02406,
CYP,GDP,TOT,USD_CAP,A,1998,18742.92773,
CYP,GDP,TOT,USD_CAP,A,1999,19662.12814,
CYP,GDP,TOT,USD_CAP,A,2000,21288.79193,
CYP,GDP,TOT,USD_CAP,A,2001,22891.8747,
CYP,GDP,TOT,USD_CAP,A,2002,23556.97522,
CYP,GDP,TOT,USD_CAP,A,2003,24251.26263,
CYP,GDP,TOT,USD_CAP,A,2004,25930.49544,
CYP,GDP,TOT,USD_CAP,A,2005,27763.16599,
CYP,GDP,TOT,USD_CAP,A,2006,29988.07701,
CYP,GDP,TOT,USD_CAP,A,2007,32844.36988,
CYP,GDP,TOT,USD_CAP,A,2008,34823.8964,
CYP,GDP,TOT,USD_CAP,A,2009,33882.13075,
CYP,GDP,TOT,USD_CAP,A,2010,33263.24072,
CYP,GDP,TOT,USD_CAP,A,2011,33192.30353,
CYP,GDP,TOT,USD_CAP,A,2012,31914.90333,
CYP,GDP,TOT,USD_CAP,A,2013,30620.7303,
CYP,GDP,TOT,USD_CAP,A,2014,30383.33147,
CYP,GDP,TOT,USD_CAP,A,2015,31523.83904,
CYP,GDP,TOT,USD_CAP,A,2016,32882.26256,P
MLT,GDP,TOT,USD_CAP,A,1995,13868.57476,
MLT,GDP,TOT,USD_CAP,A,1996,14572.32636,
MLT,GDP,TOT,USD_CAP,A,1997,15412.09617,
MLT,GDP,TOT,USD_CAP,A,1998,16066.54813,
MLT,GDP,TOT,USD_CAP,A,1999,16827.91169,
MLT,GDP,TOT,USD_CAP,A,2000,18288.27406,
MLT,GDP,TOT,USD_CAP,A,2001,18431.37134,
MLT,GDP,TOT,USD_CAP,A,2002,19586.44618,
MLT,GDP,TOT,USD_CAP,A,2003,20780.75406,
MLT,GDP,TOT,USD_CAP,A,2004,21349.60965,
MLT,GDP,TOT,USD_CAP,A,2005,22265.74598,
MLT,GDP,TOT,USD_CAP,A,2006,23230.3142,
MLT,GDP,TOT,USD_CAP,A,2007,24888.15924,
MLT,GDP,TOT,USD_CAP,A,2008,26193.1772,
MLT,GDP,TOT,USD_CAP,A,2009,26136.60342,
MLT,GDP,TOT,USD_CAP,A,2010,27838.81727,
MLT,GDP,TOT,USD_CAP,A,2011,28612.15162,
MLT,GDP,TOT,USD_CAP,A,2012,29421.81071,
MLT,GDP,TOT,USD_CAP,A,2013,31061.01058,
MLT,GDP,TOT,USD_CAP,A,2014,33153.57333,
MLT,GDP,TOT,USD_CAP,A,2015,35698.81847,
MLT,GDP,TOT,USD_CAP,A,2016,37319.31844,
PER,GDP,TOT,USD_CAP,A,2007,8094.796648,
PER,GDP,TOT,USD_CAP,A,2008,8905.19766,
PER,GDP,TOT,USD_CAP,A,2009,8969.960922,
PER,GDP,TOT,USD_CAP,A,2010,9725.916416,
PER,GDP,TOT,USD_CAP,A,2011,10435.87132,
PER,GDP,TOT,USD_CAP,A,2012,11154.05192,
PER,GDP,TOT,USD_CAP,A,2013,11863.962,P
PER,GDP,TOT,USD_CAP,A,2014,12224.68892,P
ROU,GDP,TOT,USD_CAP,A,1995,5453.938135,
ROU,GDP,TOT,USD_CAP,A,1996,5778.039921,
ROU,GDP,TOT,USD_CAP,A,1997,5604.174664,
ROU,GDP,TOT,USD_CAP,A,1998,5578.318478,
ROU,GDP,TOT,USD_CAP,A,1999,5635.817061,
ROU,GDP,TOT,USD_CAP,A,2000,5879.08233,
ROU,GDP,TOT,USD_CAP,A,2001,6497.688763,
ROU,GDP,TOT,USD_CAP,A,2002,7197.279867,
ROU,GDP,TOT,USD_CAP,A,2003,7820.321307,
ROU,GDP,TOT,USD_CAP,A,2004,9134.375679,
ROU,GDP,TOT,USD_CAP,A,2005,9723.50798,
ROU,GDP,TOT,USD_CAP,A,2006,11689.04651,
ROU,GDP,TOT,USD_CAP,A,2007,13790.28747,
ROU,GDP,TOT,USD_CAP,A,2008,16726.70506,
ROU,GDP,TOT,USD_CAP,A,2009,16489.81048,
ROU,GDP,TOT,USD_CAP,A,2010,17027.29326,
ROU,GDP,TOT,USD_CAP,A,2011,17997.72321,
ROU,GDP,TOT,USD_CAP,A,2012,18981.38306,B
ROU,GDP,TOT,USD_CAP,A,2013,19854.51038,
ROU,GDP,TOT,USD_CAP,A,2014,20601.77265,
ROU,GDP,TOT,USD_CAP,A,2015,21561.38459,
ROU,GDP,TOT,USD_CAP,A,2016,23045.11986,P
